timestamp,temperature,humidity,pressure,raw
2014-02-13T18:20:00,5.0,70.0,991.0,"{""timestamp"": ""2014-02-13T18:20:00"", ""temperature"": 5.0, ""humidity"": 70.0, ""pressure"": 991.0, ""temp_unit"": ""C"", ""humidity_unit"": ""RH%"", ""pressure_unit"": ""hPa""}"
2014-02-13T18:50:00,4.0,75.0,991.0,"{""timestamp"": ""2014-02-13T18:50:00"", ""temperature"": 4.0, ""humidity"": 75.0, ""pressure"": 991.0, ""temp_unit"": ""C"", ""humidity_unit"": ""RH%"", ""pressure_unit"": ""hPa""}"
2014-02-13T19:00:00,4.0,67.0,992.0,"{""timestamp"": ""2014-02-13T19:00:00"", ""temperature"": 4.0, ""humidity"": 67.0, ""pressure"": 992.0, ""temp_unit"": ""C"", ""humidity_unit"": ""RH%"", ""pressure_unit"": ""hPa""}"
2014-02-13T19:20:00,4.0,75.0,992.0,"{""timestamp"": ""2014-02-13T19:20:00"", ""temperature"": 4.0, ""humidity"": 75.0, ""pressure"": 992.0, ""temp_unit"": ""C"", ""humidity_unit"": ""RH%"", ""pressure_unit"": ""hPa""}"
2014-02-13T19:50:00,4.0,75.0,992.0,"{""timestamp"": ""2014-02-13T19:50:00"", ""temperature"": 4.0, ""humidity"": 75.0, ""pressure"": 992.0, ""temp_unit"": ""C"", ""humidity_unit"": ""RH%"", ""pressure_unit"": ""hPa""}"
2014-02-13T20:20:00,4.0,75.0,992.0,"{""timestamp"": ""2014-02-13T20:20:00"", ""temperature"": 4.0, ""humidity"": 75.0, ""pressure"": 992.0, ""temp_unit"": ""C"", ""humidity_unit"": ""RH%"", ""pressure_unit"": ""hPa""}"
2014-02-13T20:50:00,3.0,81.0,993.0,"{""timestamp"": ""2014-02-13T20:50:00"", ""temperature"": 3.0, ""humidity"": 81.0, ""pressure"": 993.0, ""temp_unit"": ""C"", ""humidity_unit"": ""RH%"", ""pressure_unit"": ""hPa""}"
2014-02-13T21:00:00,3.0,73.0,993.0,"{""timestamp"": ""2014-02-13T21:00:00"", ""temperature"": 3.0, ""humidity"": 73.0, ""pressure"": 993.0, ""temp_unit"": ""C"", ""humidity_unit"": ""RH%"", ""pressure_unit"": ""hPa""}"
2014-02-13T21:20:00,3.0,81.0,993.0,"{""timestamp"": ""2014-02-13T21:20:00"", ""temperature"": 3.0, ""humidity"": 81.0, ""pressure"": 993.0, ""temp_unit"": ""C"", ""humidity_unit"": ""RH%"", ""pressure_unit"": ""hPa""}"
2014-02-13T21:50:00,4.0,75.0,993.0,"{""timestamp"": ""2014-02-13T21:50:00"", ""temperature"": 4.0, ""humidity"": 75.0, ""pressure"": 993.0, ""temp_unit"": ""C"", ""humidity_unit"": ""RH%"", ""pressure_unit"": ""hPa""}"
2014-02-13T22:00:00,4.0,72.0,994.0,"{""timestamp"": ""2014-02-13T22:00:00"", ""temperature"": 4.0, ""humidity"": 72.0, ""pressure"": 994.0, ""temp_unit"": ""C"", ""humidity_unit"": ""RH%"", ""pressure_unit"": ""hPa""}"
2014-02-13T22:20:00,3.0,81.0,993.0,"{""timestamp"": ""2014-02-13T22:20:00"", ""temperature"": 3.0, ""humidity"": 81.0, ""pressure"": 993.0, ""temp_unit"": ""C"", ""humidity_unit"": ""RH%"", ""pressure_unit"": ""hPa""}"
2014-02-13T22:50:00,3.0,81.0,994.0,"{""timestamp"": ""2014-02-13T22:50:00"", ""temperature"": 3.0, ""humidity"": 81.0, ""pressure"": 994.0, ""temp_unit"": ""C"", ""humidity_unit"": ""RH%"", ""pressure_unit"": ""hPa""}"
2014-02-13T23:00:00,3.0,71.0,994.0,"{""timestamp"": ""2014-02-13T23:00:00"", ""temperature"": 3.0, ""humidity"": 71.0, ""pressure"": 994.0, ""temp_unit"": ""C"", ""humidity_unit"": ""RH%"", ""pressure_unit"": ""hPa""}"
2014-02-13T23:20:00,3.0,81.0,994.0,"{""timestamp"": ""2014-02-13T23:20:00"", ""temperature"": 3.0, ""humidity"": 81.0, ""pressure"": 994.0, ""temp_unit"": ""C"", ""humidity_unit"": ""RH%"", ""pressure_unit"": ""hPa""}"
2014-02-13T23:50:00,2.0,87.0,994.0,"{""timestamp"": ""2014-02-13T23:50:00"", ""temperature"": 2.0, ""humidity"": 87.0, ""pressure"": 994.0, ""temp_unit"": ""C"", ""humidity_unit"": ""RH%"", ""pressure_unit"": ""hPa""}"
2014-02-14T00:00:00,2.0,76.0,994.0,"{""timestamp"": ""2014-02-14T00:00:00"", ""temperature"": 2.0, ""humidity"": 76.0, ""pressure"": 994.0, ""temp_unit"": ""C"", ""humidity_unit"": ""RH%"", ""pressure_unit"": ""hPa""}"
2014-02-14T00:20:00,2.0,81.0,994.0,"{""timestamp"": ""2014-02-14T00:20:00"", ""temperature"": 2.0, ""humidity"": 81.0, ""pressure"": 994.0, ""temp_unit"": ""C"", ""humidity_unit"": ""RH%"", ""pressure_unit"": ""hPa""}"
2014-02-14T00:50:00,1.0,87.0,994.0,"{""timestamp"": ""2014-02-14T00:50:00"", ""temperature"": 1.0, ""humidity"": 87.0, ""pressure"": 994.0, ""temp_unit"": ""C"", ""humidity_unit"": ""RH%"", ""pressure_unit"": ""hPa""}"
2014-02-14T01:00:00,2.0,82.0,995.0,"{""timestamp"": ""2014-02-14T01:00:00"", ""temperature"": 2.0, ""humidity"": 82.0, ""pressure"": 995.0, ""temp_unit"": ""C"", ""humidity_unit"": ""RH%"", ""pressure_unit"": ""hPa""}"
2014-02-14T01:20:00,1.0,93.0,995.0,"{""timestamp"": ""2014-02-14T01:20:00"", ""temperature"": 1.0, ""humidity"": 93.0, ""pressure"": 995.0, ""temp_unit"": ""C"", ""humidity_unit"": ""RH%"", ""pressure_unit"": ""hPa""}"
2014-02-14T01:50:00,1.0,93.0,995.0,"{""timestamp"": ""2014-02-14T01:50:00"", ""temperature"": 1.0, ""humidity"": 93.0, ""pressure"": 995.0, ""temp_unit"": ""C"", ""humidity_unit"": ""RH%"", ""pressure_unit"": ""hPa""}"
2014-02-14T02:00:00,1.0,86.0,996.0,"{""timestamp"": ""2014-02-14T02:00:00"", ""temperature"": 1.0, ""humidity"": 86.0, ""pressure"": 996.0, ""temp_unit"": ""C"", ""humidity_unit"": ""RH%"", ""pressure_unit"": ""hPa""}"
2014-02-14T02:20:00,1.0,93.0,995.0,"{""timestamp"": ""2014-02-14T02:20:00"", ""temperature"": 1.0, ""humidity"": 93.0, ""pressure"": 995.0, ""temp_unit"": ""C"", ""humidity_unit"": ""RH%"", ""pressure_unit"": ""hPa""}"
2014-02-14T02:50:00,1.0,93.0,996.0,"{""timestamp"": ""2014-02-14T02:50:00"", ""temperature"": 1.0, ""humidity"": 93.0, ""pressure"": 996.0, ""temp_unit"": ""C"", ""humidity_unit"": ""RH%"", ""pressure_unit"": ""hPa""}"
2014-02-14T03:00:00,1.0,84.0,996.0,"{""timestamp"": ""2014-02-14T03:00:00"", ""temperature"": 1.0, ""humidity"": 84.0, ""pressure"": 996.0, ""temp_unit"": ""C"", ""humidity_unit"": ""RH%"", ""pressure_unit"": ""hPa""}"
2014-02-14T03:20:00,1.0,87.0,996.0,"{""timestamp"": ""2014-02-14T03:20:00"", ""temperature"": 1.0, ""humidity"": 87.0, ""pressure"": 996.0, ""temp_unit"": ""C"", ""humidity_unit"": ""RH%"", ""pressure_unit"": ""hPa""}"
2014-02-14T03:50:00,1.0,93.0,996.0,"{""timestamp"": ""2014-02-14T03:50:00"", ""temperature"": 1.0, ""humidity"": 93.0, ""pressure"": 996.0, ""temp_unit"": ""C"", ""humidity_unit"": ""RH%"", ""pressure_unit"": ""hPa""}"
2014-02-14T04:00:00,1.0,86.0,997.0,"{""timestamp"": ""2014-02-14T04:00:00"", ""temperature"": 1.0, ""humidity"": 86.0, ""pressure"": 997.0, ""temp_unit"": ""C"", ""humidity_unit"": ""RH%"", ""pressure_unit"": ""hPa""}"
2014-02-14T04:20:00,1.0,93.0,996.0,"{""timestamp"": ""2014-02-14T04:20:00"", ""temperature"": 1.0, ""humidity"": 93.0, ""pressure"": 996.0, ""temp_unit"": ""C"", ""humidity_unit"": ""RH%"", ""pressure_unit"": ""hPa""}"
2014-02-14T04:50:00,1.0,87.0,997.0,"{""timestamp"": ""2014-02-14T04:50:00"", ""temperature"": 1.0, ""humidity"": 87.0, ""pressure"": 997.0, ""temp_unit"": ""C"", ""humidity_unit"": ""RH%"", ""pressure_unit"": ""hPa""}"
2014-02-14T05:00:00,1.0,86.0,997.0,"{""timestamp"": ""2014-02-14T05:00:00"", ""temperature"": 1.0, ""humidity"": 86.0, ""pressure"": 997.0, ""temp_unit"": ""C"", ""humidity_unit"": ""RH%"", ""pressure_unit"": ""hPa""}"
2014-02-14T05:20:00,1.0,93.0,997.0,"{""timestamp"": ""2014-02-14T05:20:00"", ""temperature"": 1.0, ""humidity"": 93.0, ""pressure"": 997.0, ""temp_unit"": ""C"", ""humidity_unit"": ""RH%"", ""pressure_unit"": ""hPa""}"
2014-02-14T05:50:00,2.0,93.0,997.0,"{""timestamp"": ""2014-02-14T05:50:00"", ""temperature"": 2.0, ""humidity"": 93.0, ""pressure"": 997.0, ""temp_unit"": ""C"", ""humidity_unit"": ""RH%"", ""pressure_unit"": ""hPa""}"
2014-02-14T06:00:00,2.0,89.0,998.0,"{""timestamp"": ""2014-02-14T06:00:00"", ""temperature"": 2.0, ""humidity"": 89.0, ""pressure"": 998.0, ""temp_unit"": ""C"", ""humidity_unit"": ""RH%"", ""pressure_unit"": ""hPa""}"
2014-02-14T06:20:00,2.0,93.0,997.0,"{""timestamp"": ""2014-02-14T06:20:00"", ""temperature"": 2.0, ""humidity"": 93.0, ""pressure"": 997.0, ""temp_unit"": ""C"", ""humidity_unit"": ""RH%"", ""pressure_unit"": ""hPa""}"
2014-02-14T06:50:00,2.0,93.0,998.0,"{""timestamp"": ""2014-02-14T06:50:00"", ""temperature"": 2.0, ""humidity"": 93.0, ""pressure"": 998.0, ""temp_unit"": ""C"", ""humidity_unit"": ""RH%"", ""pressure_unit"": ""hPa""}"
2014-02-14T07:00:00,2.0,91.0,998.0,"{""timestamp"": ""2014-02-14T07:00:00"", ""temperature"": 2.0, ""humidity"": 91.0, ""pressure"": 998.0, ""temp_unit"": ""C"", ""humidity_unit"": ""RH%"", ""pressure_unit"": ""hPa""}"
2014-02-14T07:20:00,2.0,93.0,998.0,"{""timestamp"": ""2014-02-14T07:20:00"", ""temperature"": 2.0, ""humidity"": 93.0, ""pressure"": 998.0, ""temp_unit"": ""C"", ""humidity_unit"": ""RH%"", ""pressure_unit"": ""hPa""}"
2014-02-14T07:50:00,2.0,93.0,998.0,"{""timestamp"": ""2014-02-14T07:50:00"", ""temperature"": 2.0, ""humidity"": 93.0, ""pressure"": 998.0, ""temp_unit"": ""C"", ""humidity_unit"": ""RH%"", ""pressure_unit"": ""hPa""}"
2014-02-14T08:00:00,2.0,87.0,999.0,"{""timestamp"": ""2014-02-14T08:00:00"", ""temperature"": 2.0, ""humidity"": 87.0, ""pressure"": 999.0, ""temp_unit"": ""C"", ""humidity_unit"": ""RH%"", ""pressure_unit"": ""hPa""}"
2014-02-14T08:20:00,2.0,93.0,999.0,"{""timestamp"": ""2014-02-14T08:20:00"", ""temperature"": 2.0, ""humidity"": 93.0, ""pressure"": 999.0, ""temp_unit"": ""C"", ""humidity_unit"": ""RH%"", ""pressure_unit"": ""hPa""}"
2014-02-14T08:50:00,3.0,93.0,999.0,"{""timestamp"": ""2014-02-14T08:50:00"", ""temperature"": 3.0, ""humidity"": 93.0, ""pressure"": 999.0, ""temp_unit"": ""C"", ""humidity_unit"": ""RH%"", ""pressure_unit"": ""hPa""}"
2014-02-14T09:00:00,3.0,89.0,1000.0,"{""timestamp"": ""2014-02-14T09:00:00"", ""temperature"": 3.0, ""humidity"": 89.0, ""pressure"": 1000.0, ""temp_unit"": ""C"", ""humidity_unit"": ""RH%"", ""pressure_unit"": ""hPa""}"
2014-02-14T09:20:00,3.0,93.0,999.0,"{""timestamp"": ""2014-02-14T09:20:00"", ""temperature"": 3.0, ""humidity"": 93.0, ""pressure"": 999.0, ""temp_unit"": ""C"", ""humidity_unit"": ""RH%"", ""pressure_unit"": ""hPa""}"
2014-02-14T09:50:00,4.0,87.0,1000.0,"{""timestamp"": ""2014-02-14T09:50:00"", ""temperature"": 4.0, ""humidity"": 87.0, ""pressure"": 1000.0, ""temp_unit"": ""C"", ""humidity_unit"": ""RH%"", ""pressure_unit"": ""hPa""}"
2014-02-14T10:00:00,4.0,82.0,1000.0,"{""timestamp"": ""2014-02-14T10:00:00"", ""temperature"": 4.0, ""humidity"": 82.0, ""pressure"": 1000.0, ""temp_unit"": ""C"", ""humidity_unit"": ""RH%"", ""pressure_unit"": ""hPa""}"
2014-02-14T10:50:00,5.0,81.0,1001.0,"{""timestamp"": ""2014-02-14T10:50:00"", ""temperature"": 5.0, ""humidity"": 81.0, ""pressure"": 1001.0, ""temp_unit"": ""C"", ""humidity_unit"": ""RH%"", ""pressure_unit"": ""hPa""}"
2014-02-14T11:20:00,5.0,81.0,1001.0,"{""timestamp"": ""2014-02-14T11:20:00"", ""temperature"": 5.0, ""humidity"": 81.0, ""pressure"": 1001.0, ""temp_unit"": ""C"", ""humidity_unit"": ""RH%"", ""pressure_unit"": ""hPa""}"
2014-02-14T11:50:00,5.0,87.0,1001.0,"{""timestamp"": ""2014-02-14T11:50:00"", ""temperature"": 5.0, ""humidity"": 87.0, ""pressure"": 1001.0, ""temp_unit"": ""C"", ""humidity_unit"": ""RH%"", ""pressure_unit"": ""hPa""}"
2014-02-14T12:00:00,6.0,75.0,1002.0,"{""timestamp"": ""2014-02-14T12:00:00"", ""temperature"": 6.0, ""humidity"": 75.0, ""pressure"": 1002.0, ""temp_unit"": ""C"", ""humidity_unit"": ""RH%"", ""pressure_unit"": ""hPa""}"
2014-02-14T12:20:00,6.0,81.0,1001.0,"{""timestamp"": ""2014-02-14T12:20:00"", ""temperature"": 6.0, ""humidity"": 81.0, ""pressure"": 1001.0, ""temp_unit"": ""C"", ""humidity_unit"": ""RH%"", ""pressure_unit"": ""hPa""}"
2014-02-14T12:50:00,6.0,76.0,1002.0,"{""timestamp"": ""2014-02-14T12:50:00"", ""temperature"": 6.0, ""humidity"": 76.0, ""pressure"": 1002.0, ""temp_unit"": ""C"", ""humidity_unit"": ""RH%"", ""pressure_unit"": ""hPa""}"
2014-02-14T13:00:00,6.0,72.0,1002.0,"{""timestamp"": ""2014-02-14T13:00:00"", ""temperature"": 6.0, ""humidity"": 72.0, ""pressure"": 1002.0, ""temp_unit"": ""C"", ""humidity_unit"": ""RH%"", ""pressure_unit"": ""hPa""}"
2014-02-14T13:20:00,5.0,87.0,1002.0,"{""timestamp"": ""2014-02-14T13:20:00"", ""temperature"": 5.0, ""humidity"": 87.0, ""pressure"": 1002.0, ""temp_unit"": ""C"", ""humidity_unit"": ""RH%"", ""pressure_unit"": ""hPa""}"
2014-02-14T13:50:00,6.0,81.0,1002.0,"{""timestamp"": ""2014-02-14T13:50:00"", ""temperature"": 6.0, ""humidity"": 81.0, ""pressure"": 1002.0, ""temp_unit"": ""C"", ""humidity_unit"": ""RH%"", ""pressure_unit"": ""hPa""}"
2014-02-14T14:00:00,6.0,72.0,1002.0,"{""timestamp"": ""2014-02-14T14:00:00"", ""temperature"": 6.0, ""humidity"": 72.0, ""pressure"": 1002.0, ""temp_unit"": ""C"", ""humidity_unit"": ""RH%"", ""pressure_unit"": ""hPa""}"
2014-02-14T14:20:00,6.0,81.0,1002.0,"{""timestamp"": ""2014-02-14T14:20:00"", ""temperature"": 6.0, ""humidity"": 81.0, ""pressure"": 1002.0, ""temp_unit"": ""C"", ""humidity_unit"": ""RH%"", ""pressure_unit"": ""hPa""}"
2014-02-14T14:50:00,6.0,76.0,1002.0,"{""timestamp"": ""2014-02-14T14:50:00"", ""temperature"": 6.0, ""humidity"": 76.0, ""pressure"": 1002.0, ""temp_unit"": ""C"", ""humidity_unit"": ""RH%"", ""pressure_unit"": ""hPa""}"
2014-02-14T15:00:00,6.0,67.0,1002.0,"{""timestamp"": ""2014-02-14T15:00:00"", ""temperature"": 6.0, ""humidity"": 67.0, ""pressure"": 1002.0, ""temp_unit"": ""C"", ""humidity_unit"": ""RH%"", ""pressure_unit"": ""hPa""}"
2014-02-14T15:20:00,6.0,76.0,1002.0,"{""timestamp"": ""2014-02-14T15:20:00"", ""temperature"": 6.0, ""humidity"": 76.0, ""pressure"": 1002.0, ""temp_unit"": ""C"", ""humidity_unit"": ""RH%"", ""pressure_unit"": ""hPa""}"
2014-02-14T15:50:00,6.0,76.0,1002.0,"{""timestamp"": ""2014-02-14T15:50:00"", ""temperature"": 6.0, ""humidity"": 76.0, ""pressure"": 1002.0, ""temp_unit"": ""C"", ""humidity_unit"": ""RH%"", ""pressure_unit"": ""hPa""}"
2014-02-14T16:00:00,6.0,70.0,1003.0,"{""timestamp"": ""2014-02-14T16:00:00"", ""temperature"": 6.0, ""humidity"": 70.0, ""pressure"": 1003.0, ""temp_unit"": ""C"", ""humidity_unit"": ""RH%"", ""pressure_unit"": ""hPa""}"
2014-02-14T16:20:00,6.0,76.0,1002.0,"{""timestamp"": ""2014-02-14T16:20:00"", ""temperature"": 6.0, ""humidity"": 76.0, ""pressure"": 1002.0, ""temp_unit"": ""C"", ""humidity_unit"": ""RH%"", ""pressure_unit"": ""hPa""}"
2014-02-14T16:50:00,5.0,81.0,1003.0,"{""timestamp"": ""2014-02-14T16:50:00"", ""temperature"": 5.0, ""humidity"": 81.0, ""pressure"": 1003.0, ""temp_unit"": ""C"", ""humidity_unit"": ""RH%"", ""pressure_unit"": ""hPa""}"
2014-02-14T17:00:00,5.0,67.0,1003.0,"{""timestamp"": ""2014-02-14T17:00:00"", ""temperature"": 5.0, ""humidity"": 67.0, ""pressure"": 1003.0, ""temp_unit"": ""C"", ""humidity_unit"": ""RH%"", ""pressure_unit"": ""hPa""}"
2014-02-14T17:20:00,5.0,76.0,1003.0,"{""timestamp"": ""2014-02-14T17:20:00"", ""temperature"": 5.0, ""humidity"": 76.0, ""pressure"": 1003.0, ""temp_unit"": ""C"", ""humidity_unit"": ""RH%"", ""pressure_unit"": ""hPa""}"
2014-02-14T17:50:00,5.0,76.0,1003.0,"{""timestamp"": ""2014-02-14T17:50:00"", ""temperature"": 5.0, ""humidity"": 76.0, ""pressure"": 1003.0, ""temp_unit"": ""C"", ""humidity_unit"": ""RH%"", ""pressure_unit"": ""hPa""}"
2014-02-14T18:00:00,4.0,74.0,1003.0,"{""timestamp"": ""2014-02-14T18:00:00"", ""temperature"": 4.0, ""humidity"": 74.0, ""pressure"": 1003.0, ""temp_unit"": ""C"", ""humidity_unit"": ""RH%"", ""pressure_unit"": ""hPa""}"
2014-02-14T18:20:00,4.0,81.0,1002.0,"{""timestamp"": ""2014-02-14T18:20:00"", ""temperature"": 4.0, ""humidity"": 81.0, ""pressure"": 1002.0, ""temp_unit"": ""C"", ""humidity_unit"": ""RH%"", ""pressure_unit"": ""hPa""}"
2014-02-14T18:50:00,4.0,81.0,1002.0,"{""timestamp"": ""2014-02-14T18:50:00"", ""temperature"": 4.0, ""humidity"": 81.0, ""pressure"": 1002.0, ""temp_unit"": ""C"", ""humidity_unit"": ""RH%"", ""pressure_unit"": ""hPa""}"
2014-02-14T19:00:00,4.0,76.0,1003.0,"{""timestamp"": ""2014-02-14T19:00:00"", ""temperature"": 4.0, ""humidity"": 76.0, ""pressure"": 1003.0, ""temp_unit"": ""C"", ""humidity_unit"": ""RH%"", ""pressure_unit"": ""hPa""}"
2014-02-14T19:20:00,3.0,87.0,1002.0,"{""timestamp"": ""2014-02-14T19:20:00"", ""temperature"": 3.0, ""humidity"": 87.0, ""pressure"": 1002.0, ""temp_unit"": ""C"", ""humidity_unit"": ""RH%"", ""pressure_unit"": ""hPa""}"
2014-02-14T19:50:00,4.0,81.0,1003.0,"{""timestamp"": ""2014-02-14T19:50:00"", ""temperature"": 4.0, ""humidity"": 81.0, ""pressure"": 1003.0, ""temp_unit"": ""C"", ""humidity_unit"": ""RH%"", ""pressure_unit"": ""hPa""}"
2014-02-14T20:00:00,4.0,79.0,1003.0,"{""timestamp"": ""2014-02-14T20:00:00"", ""temperature"": 4.0, ""humidity"": 79.0, ""pressure"": 1003.0, ""temp_unit"": ""C"", ""humidity_unit"": ""RH%"", ""pressure_unit"": ""hPa""}"
2014-02-14T20:20:00,4.0,81.0,1003.0,"{""timestamp"": ""2014-02-14T20:20:00"", ""temperature"": 4.0, ""humidity"": 81.0, ""pressure"": 1003.0, ""temp_unit"": ""C"", ""humidity_unit"": ""RH%"", ""pressure_unit"": ""hPa""}"
2014-02-14T20:50:00,3.0,87.0,1003.0,"{""timestamp"": ""2014-02-14T20:50:00"", ""temperature"": 3.0, ""humidity"": 87.0, ""pressure"": 1003.0, ""temp_unit"": ""C"", ""humidity_unit"": ""RH%"", ""pressure_unit"": ""hPa""}"
2014-02-14T21:20:00,3.0,87.0,1002.0,"{""timestamp"": ""2014-02-14T21:20:00"", ""temperature"": 3.0, ""humidity"": 87.0, ""pressure"": 1002.0, ""temp_unit"": ""C"", ""humidity_unit"": ""RH%"", ""pressure_unit"": ""hPa""}"
2014-02-14T21:50:00,4.0,81.0,1001.0,"{""timestamp"": ""2014-02-14T21:50:00"", ""temperature"": 4.0, ""humidity"": 81.0, ""pressure"": 1001.0, ""temp_unit"": ""C"", ""humidity_unit"": ""RH%"", ""pressure_unit"": ""hPa""}"
2014-02-14T22:00:00,4.0,77.0,1001.0,"{""timestamp"": ""2014-02-14T22:00:00"", ""temperature"": 4.0, ""humidity"": 77.0, ""pressure"": 1001.0, ""temp_unit"": ""C"", ""humidity_unit"": ""RH%"", ""pressure_unit"": ""hPa""}"
2014-02-14T22:20:00,4.0,81.0,1000.0,"{""timestamp"": ""2014-02-14T22:20:00"", ""temperature"": 4.0, ""humidity"": 81.0, ""pressure"": 1000.0, ""temp_unit"": ""C"", ""humidity_unit"": ""RH%"", ""pressure_unit"": ""hPa""}"
2014-02-14T22:50:00,3.0,87.0,1000.0,"{""timestamp"": ""2014-02-14T22:50:00"", ""temperature"": 3.0, ""humidity"": 87.0, ""pressure"": 1000.0, ""temp_unit"": ""C"", ""humidity_unit"": ""RH%"", ""pressure_unit"": ""hPa""}"
2014-02-14T23:00:00,3.0,76.0,1000.0,"{""timestamp"": ""2014-02-14T23:00:00"", ""temperature"": 3.0, ""humidity"": 76.0, ""pressure"": 1000.0, ""temp_unit"": ""C"", ""humidity_unit"": ""RH%"", ""pressure_unit"": ""hPa""}"
2014-02-14T23:20:00,3.0,87.0,1000.0,"{""timestamp"": ""2014-02-14T23:20:00"", ""temperature"": 3.0, ""humidity"": 87.0, ""pressure"": 1000.0, ""temp_unit"": ""C"", ""humidity_unit"": ""RH%"", ""pressure_unit"": ""hPa""}"
2014-02-14T23:50:00,3.0,87.0,999.0,"{""timestamp"": ""2014-02-14T23:50:00"", ""temperature"": 3.0, ""humidity"": 87.0, ""pressure"": 999.0, ""temp_unit"": ""C"", ""humidity_unit"": ""RH%"", ""pressure_unit"": ""hPa""}"
2014-02-15T00:20:00,3.0,87.0,999.0,"{""timestamp"": ""2014-02-15T00:20:00"", ""temperature"": 3.0, ""humidity"": 87.0, ""pressure"": 999.0, ""temp_unit"": ""C"", ""humidity_unit"": ""RH%"", ""pressure_unit"": ""hPa""}"
2014-02-15T00:50:00,3.0,81.0,997.0,"{""timestamp"": ""2014-02-15T00:50:00"", ""temperature"": 3.0, ""humidity"": 81.0, ""pressure"": 997.0, ""temp_unit"": ""C"", ""humidity_unit"": ""RH%"", ""pressure_unit"": ""hPa""}"
2014-02-15T01:00:00,3.0,74.0,998.0,"{""timestamp"": ""2014-02-15T01:00:00"", ""temperature"": 3.0, ""humidity"": 74.0, ""pressure"": 998.0, ""temp_unit"": ""C"", ""humidity_unit"": ""RH%"", ""pressure_unit"": ""hPa""}"
2014-02-15T01:20:00,4.0,75.0,996.0,"{""timestamp"": ""2014-02-15T01:20:00"", ""temperature"": 4.0, ""humidity"": 75.0, ""pressure"": 996.0, ""temp_unit"": ""C"", ""humidity_unit"": ""RH%"", ""pressure_unit"": ""hPa""}"
2014-02-15T01:50:00,4.0,75.0,996.0,"{""timestamp"": ""2014-02-15T01:50:00"", ""temperature"": 4.0, ""humidity"": 75.0, ""pressure"": 996.0, ""temp_unit"": ""C"", ""humidity_unit"": ""RH%"", ""pressure_unit"": ""hPa""}"
2014-02-15T02:00:00,4.0,70.0,996.0,"{""timestamp"": ""2014-02-15T02:00:00"", ""temperature"": 4.0, ""humidity"": 70.0, ""pressure"": 996.0, ""temp_unit"": ""C"", ""humidity_unit"": ""RH%"", ""pressure_unit"": ""hPa""}"
2014-02-15T02:20:00,4.0,75.0,995.0,"{""timestamp"": ""2014-02-15T02:20:00"", ""temperature"": 4.0, ""humidity"": 75.0, ""pressure"": 995.0, ""temp_unit"": ""C"", ""humidity_unit"": ""RH%"", ""pressure_unit"": ""hPa""}"
2014-02-15T02:50:00,4.0,75.0,994.0,"{""timestamp"": ""2014-02-15T02:50:00"", ""temperature"": 4.0, ""humidity"": 75.0, ""pressure"": 994.0, ""temp_unit"": ""C"", ""humidity_unit"": ""RH%"", ""pressure_unit"": ""hPa""}"
2014-02-15T03:00:00,4.0,68.0,995.0,"{""timestamp"": ""2014-02-15T03:00:00"", ""temperature"": 4.0, ""humidity"": 68.0, ""pressure"": 995.0, ""temp_unit"": ""C"", ""humidity_unit"": ""RH%"", ""pressure_unit"": ""hPa""}"
2014-02-15T03:20:00,4.0,81.0,993.0,"{""timestamp"": ""2014-02-15T03:20:00"", ""temperature"": 4.0, ""humidity"": 81.0, ""pressure"": 993.0, ""temp_unit"": ""C"", ""humidity_unit"": ""RH%"", ""pressure_unit"": ""hPa""}"
2014-02-15T03:50:00,4.0,81.0,992.0,"{""timestamp"": ""2014-02-15T03:50:00"", ""temperature"": 4.0, ""humidity"": 81.0, ""pressure"": 992.0, ""temp_unit"": ""C"", ""humidity_unit"": ""RH%"", ""pressure_unit"": ""hPa""}"
2014-02-15T04:00:00,4.0,75.0,992.0,"{""timestamp"": ""2014-02-15T04:00:00"", ""temperature"": 4.0, ""humidity"": 75.0, ""pressure"": 992.0, ""temp_unit"": ""C"", ""humidity_unit"": ""RH%"", ""pressure_unit"": ""hPa""}"
2014-02-15T04:20:00,4.0,81.0,991.0,"{""timestamp"": ""2014-02-15T04:20:00"", ""temperature"": 4.0, ""humidity"": 81.0, ""pressure"": 991.0, ""temp_unit"": ""C"", ""humidity_unit"": ""RH%"", ""pressure_unit"": ""hPa""}"
2014-02-15T04:50:00,4.0,81.0,990.0,"{""timestamp"": ""2014-02-15T04:50:00"", ""temperature"": 4.0, ""humidity"": 81.0, ""pressure"": 990.0, ""temp_unit"": ""C"", ""humidity_unit"": ""RH%"", ""pressure_unit"": ""hPa""}"
2014-02-15T05:00:00,4.0,74.0,990.0,"{""timestamp"": ""2014-02-15T05:00:00"", ""temperature"": 4.0, ""humidity"": 74.0, ""pressure"": 990.0, ""temp_unit"": ""C"", ""humidity_unit"": ""RH%"", ""pressure_unit"": ""hPa""}"
2014-02-15T05:20:00,4.0,87.0,990.0,"{""timestamp"": ""2014-02-15T05:20:00"", ""temperature"": 4.0, ""humidity"": 87.0, ""pressure"": 990.0, ""temp_unit"": ""C"", ""humidity_unit"": ""RH%"", ""pressure_unit"": ""hPa""}"
2014-02-15T05:50:00,4.0,87.0,990.0,"{""timestamp"": ""2014-02-15T05:50:00"", ""temperature"": 4.0, ""humidity"": 87.0, ""pressure"": 990.0, ""temp_unit"": ""C"", ""humidity_unit"": ""RH%"", ""pressure_unit"": ""hPa""}"
2014-02-15T06:00:00,4.0,80.0,990.0,"{""timestamp"": ""2014-02-15T06:00:00"", ""temperature"": 4.0, ""humidity"": 80.0, ""pressure"": 990.0, ""temp_unit"": ""C"", ""humidity_unit"": ""RH%"", ""pressure_unit"": ""hPa""}"
2014-02-15T06:20:00,4.0,87.0,989.0,"{""timestamp"": ""2014-02-15T06:20:00"", ""temperature"": 4.0, ""humidity"": 87.0, ""pressure"": 989.0, ""temp_unit"": ""C"", ""humidity_unit"": ""RH%"", ""pressure_unit"": ""hPa""}"
2014-02-15T06:50:00,4.0,87.0,989.0,"{""timestamp"": ""2014-02-15T06:50:00"", ""temperature"": 4.0, ""humidity"": 87.0, ""pressure"": 989.0, ""temp_unit"": ""C"", ""humidity_unit"": ""RH%"", ""pressure_unit"": ""hPa""}"
2014-02-15T07:00:00,4.0,80.0,989.0,"{""timestamp"": ""2014-02-15T07:00:00"", ""temperature"": 4.0, ""humidity"": 80.0, ""pressure"": 989.0, ""temp_unit"": ""C"", ""humidity_unit"": ""RH%"", ""pressure_unit"": ""hPa""}"
2014-02-15T07:20:00,4.0,87.0,988.0,"{""timestamp"": ""2014-02-15T07:20:00"", ""temperature"": 4.0, ""humidity"": 87.0, ""pressure"": 988.0, ""temp_unit"": ""C"", ""humidity_unit"": ""RH%"", ""pressure_unit"": ""hPa""}"
2014-02-15T07:50:00,4.0,87.0,988.0,"{""timestamp"": ""2014-02-15T07:50:00"", ""temperature"": 4.0, ""humidity"": 87.0, ""pressure"": 988.0, ""temp_unit"": ""C"", ""humidity_unit"": ""RH%"", ""pressure_unit"": ""hPa""}"
2014-02-15T08:00:00,4.0,77.0,989.0,"{""timestamp"": ""2014-02-15T08:00:00"", ""temperature"": 4.0, ""humidity"": 77.0, ""pressure"": 989.0, ""temp_unit"": ""C"", ""humidity_unit"": ""RH%"", ""pressure_unit"": ""hPa""}"
2014-02-15T08:20:00,4.0,87.0,988.0,"{""timestamp"": ""2014-02-15T08:20:00"", ""temperature"": 4.0, ""humidity"": 87.0, ""pressure"": 988.0, ""temp_unit"": ""C"", ""humidity_unit"": ""RH%"", ""pressure_unit"": ""hPa""}"
2014-02-15T08:50:00,4.0,87.0,988.0,"{""timestamp"": ""2014-02-15T08:50:00"", ""temperature"": 4.0, ""humidity"": 87.0, ""pressure"": 988.0, ""temp_unit"": ""C"", ""humidity_unit"": ""RH%"", ""pressure_unit"": ""hPa""}"
2014-02-15T09:00:00,4.0,78.0,988.0,"{""timestamp"": ""2014-02-15T09:00:00"", ""temperature"": 4.0, ""humidity"": 78.0, ""pressure"": 988.0, ""temp_unit"": ""C"", ""humidity_unit"": ""RH%"", ""pressure_unit"": ""hPa""}"
2014-02-15T10:00:00,6.0,74.0,988.0,"{""timestamp"": ""2014-02-15T10:00:00"", ""temperature"": 6.0, ""humidity"": 74.0, ""pressure"": 988.0, ""temp_unit"": ""C"", ""humidity_unit"": ""RH%"", ""pressure_unit"": ""hPa""}"
2014-02-15T10:20:00,6.0,81.0,988.0,"{""timestamp"": ""2014-02-15T10:20:00"", ""temperature"": 6.0, ""humidity"": 81.0, ""pressure"": 988.0, ""temp_unit"": ""C"", ""humidity_unit"": ""RH%"", ""pressure_unit"": ""hPa""}"
2014-02-15T10:50:00,6.0,81.0,988.0,"{""timestamp"": ""2014-02-15T10:50:00"", ""temperature"": 6.0, ""humidity"": 81.0, ""pressure"": 988.0, ""temp_unit"": ""C"", ""humidity_unit"": ""RH%"", ""pressure_unit"": ""hPa""}"
2014-02-15T11:00:00,6.0,72.0,988.0,"{""timestamp"": ""2014-02-15T11:00:00"", ""temperature"": 6.0, ""humidity"": 72.0, ""pressure"": 988.0, ""temp_unit"": ""C"", ""humidity_unit"": ""RH%"", ""pressure_unit"": ""hPa""}"
2014-02-15T11:20:00,6.0,81.0,988.0,"{""timestamp"": ""2014-02-15T11:20:00"", ""temperature"": 6.0, ""humidity"": 81.0, ""pressure"": 988.0, ""temp_unit"": ""C"", ""humidity_unit"": ""RH%"", ""pressure_unit"": ""hPa""}"
2014-02-15T11:50:00,7.0,76.0,988.0,"{""timestamp"": ""2014-02-15T11:50:00"", ""temperature"": 7.0, ""humidity"": 76.0, ""pressure"": 988.0, ""temp_unit"": ""C"", ""humidity_unit"": ""RH%"", ""pressure_unit"": ""hPa""}"
2014-02-15T12:00:00,7.0,68.0,989.0,"{""timestamp"": ""2014-02-15T12:00:00"", ""temperature"": 7.0, ""humidity"": 68.0, ""pressure"": 989.0, ""temp_unit"": ""C"", ""humidity_unit"": ""RH%"", ""pressure_unit"": ""hPa""}"
2014-02-15T12:20:00,7.0,81.0,988.0,"{""timestamp"": ""2014-02-15T12:20:00"", ""temperature"": 7.0, ""humidity"": 81.0, ""pressure"": 988.0, ""temp_unit"": ""C"", ""humidity_unit"": ""RH%"", ""pressure_unit"": ""hPa""}"
2014-02-15T12:50:00,7.0,81.0,988.0,"{""timestamp"": ""2014-02-15T12:50:00"", ""temperature"": 7.0, ""humidity"": 81.0, ""pressure"": 988.0, ""temp_unit"": ""C"", ""humidity_unit"": ""RH%"", ""pressure_unit"": ""hPa""}"
2014-02-15T13:00:00,7.0,73.0,988.0,"{""timestamp"": ""2014-02-15T13:00:00"", ""temperature"": 7.0, ""humidity"": 73.0, ""pressure"": 988.0, ""temp_unit"": ""C"", ""humidity_unit"": ""RH%"", ""pressure_unit"": ""hPa""}"
2014-02-15T13:20:00,7.0,81.0,988.0,"{""timestamp"": ""2014-02-15T13:20:00"", ""temperature"": 7.0, ""humidity"": 81.0, ""pressure"": 988.0, ""temp_unit"": ""C"", ""humidity_unit"": ""RH%"", ""pressure_unit"": ""hPa""}"
2014-02-15T13:50:00,7.0,81.0,988.0,"{""timestamp"": ""2014-02-15T13:50:00"", ""temperature"": 7.0, ""humidity"": 81.0, ""pressure"": 988.0, ""temp_unit"": ""C"", ""humidity_unit"": ""RH%"", ""pressure_unit"": ""hPa""}"
2014-02-15T14:00:00,7.0,70.0,988.0,"{""timestamp"": ""2014-02-15T14:00:00"", ""temperature"": 7.0, ""humidity"": 70.0, ""pressure"": 988.0, ""temp_unit"": ""C"", ""humidity_unit"": ""RH%"", ""pressure_unit"": ""hPa""}"
2014-02-15T14:20:00,8.0,71.0,988.0,"{""timestamp"": ""2014-02-15T14:20:00"", ""temperature"": 8.0, ""humidity"": 71.0, ""pressure"": 988.0, ""temp_unit"": ""C"", ""humidity_unit"": ""RH%"", ""pressure_unit"": ""hPa""}"
2014-02-15T14:50:00,9.0,62.0,988.0,"{""timestamp"": ""2014-02-15T14:50:00"", ""temperature"": 9.0, ""humidity"": 62.0, ""pressure"": 988.0, ""temp_unit"": ""C"", ""humidity_unit"": ""RH%"", ""pressure_unit"": ""hPa""}"
2014-02-15T15:00:00,9.0,47.0,988.0,"{""timestamp"": ""2014-02-15T15:00:00"", ""temperature"": 9.0, ""humidity"": 47.0, ""pressure"": 988.0, ""temp_unit"": ""C"", ""humidity_unit"": ""RH%"", ""pressure_unit"": ""hPa""}"
2014-02-15T15:20:00,9.0,58.0,988.0,"{""timestamp"": ""2014-02-15T15:20:00"", ""temperature"": 9.0, ""humidity"": 58.0, ""pressure"": 988.0, ""temp_unit"": ""C"", ""humidity_unit"": ""RH%"", ""pressure_unit"": ""hPa""}"
2014-02-15T15:50:00,9.0,62.0,988.0,"{""timestamp"": ""2014-02-15T15:50:00"", ""temperature"": 9.0, ""humidity"": 62.0, ""pressure"": 988.0, ""temp_unit"": ""C"", ""humidity_unit"": ""RH%"", ""pressure_unit"": ""hPa""}"
2014-02-15T16:00:00,9.0,49.0,988.0,"{""timestamp"": ""2014-02-15T16:00:00"", ""temperature"": 9.0, ""humidity"": 49.0, ""pressure"": 988.0, ""temp_unit"": ""C"", ""humidity_unit"": ""RH%"", ""pressure_unit"": ""hPa""}"
2014-02-15T16:20:00,9.0,62.0,988.0,"{""timestamp"": ""2014-02-15T16:20:00"", ""temperature"": 9.0, ""humidity"": 62.0, ""pressure"": 988.0, ""temp_unit"": ""C"", ""humidity_unit"": ""RH%"", ""pressure_unit"": ""hPa""}"
2014-02-15T16:50:00,9.0,62.0,988.0,"{""timestamp"": ""2014-02-15T16:50:00"", ""temperature"": 9.0, ""humidity"": 62.0, ""pressure"": 988.0, ""temp_unit"": ""C"", ""humidity_unit"": ""RH%"", ""pressure_unit"": ""hPa""}"
2014-02-15T17:00:00,8.0,51.0,988.0,"{""timestamp"": ""2014-02-15T17:00:00"", ""temperature"": 8.0, ""humidity"": 51.0, ""pressure"": 988.0, ""temp_unit"": ""C"", ""humidity_unit"": ""RH%"", ""pressure_unit"": ""hPa""}"
2014-02-15T17:20:00,8.0,66.0,988.0,"{""timestamp"": ""2014-02-15T17:20:00"", ""temperature"": 8.0, ""humidity"": 66.0, ""pressure"": 988.0, ""temp_unit"": ""C"", ""humidity_unit"": ""RH%"", ""pressure_unit"": ""hPa""}"
2014-02-15T17:50:00,8.0,66.0,988.0,"{""timestamp"": ""2014-02-15T17:50:00"", ""temperature"": 8.0, ""humidity"": 66.0, ""pressure"": 988.0, ""temp_unit"": ""C"", ""humidity_unit"": ""RH%"", ""pressure_unit"": ""hPa""}"
2014-02-15T18:00:00,8.0,53.0,988.0,"{""timestamp"": ""2014-02-15T18:00:00"", ""temperature"": 8.0, ""humidity"": 53.0, ""pressure"": 988.0, ""temp_unit"": ""C"", ""humidity_unit"": ""RH%"", ""pressure_unit"": ""hPa""}"
2014-02-15T18:20:00,8.0,62.0,988.0,"{""timestamp"": ""2014-02-15T18:20:00"", ""temperature"": 8.0, ""humidity"": 62.0, ""pressure"": 988.0, ""temp_unit"": ""C"", ""humidity_unit"": ""RH%"", ""pressure_unit"": ""hPa""}"
2014-02-15T18:50:00,8.0,62.0,988.0,"{""timestamp"": ""2014-02-15T18:50:00"", ""temperature"": 8.0, ""humidity"": 62.0, ""pressure"": 988.0, ""temp_unit"": ""C"", ""humidity_unit"": ""RH%"", ""pressure_unit"": ""hPa""}"
2014-02-15T19:00:00,8.0,48.0,988.0,"{""timestamp"": ""2014-02-15T19:00:00"", ""temperature"": 8.0, ""humidity"": 48.0, ""pressure"": 988.0, ""temp_unit"": ""C"", ""humidity_unit"": ""RH%"", ""pressure_unit"": ""hPa""}"
2014-02-15T20:20:00,8.0,62.0,988.0,"{""timestamp"": ""2014-02-15T20:20:00"", ""temperature"": 8.0, ""humidity"": 62.0, ""pressure"": 988.0, ""temp_unit"": ""C"", ""humidity_unit"": ""RH%"", ""pressure_unit"": ""hPa""}"
2014-02-15T20:50:00,8.0,62.0,988.0,"{""timestamp"": ""2014-02-15T20:50:00"", ""temperature"": 8.0, ""humidity"": 62.0, ""pressure"": 988.0, ""temp_unit"": ""C"", ""humidity_unit"": ""RH%"", ""pressure_unit"": ""hPa""}"
2014-02-15T21:00:00,8.0,50.0,988.0,"{""timestamp"": ""2014-02-15T21:00:00"", ""temperature"": 8.0, ""humidity"": 50.0, ""pressure"": 988.0, ""temp_unit"": ""C"", ""humidity_unit"": ""RH%"", ""pressure_unit"": ""hPa""}"
2014-02-15T21:20:00,8.0,62.0,988.0,"{""timestamp"": ""2014-02-15T21:20:00"", ""temperature"": 8.0, ""humidity"": 62.0, ""pressure"": 988.0, ""temp_unit"": ""C"", ""humidity_unit"": ""RH%"", ""pressure_unit"": ""hPa""}"
2014-02-15T21:50:00,8.0,62.0,988.0,"{""timestamp"": ""2014-02-15T21:50:00"", ""temperature"": 8.0, ""humidity"": 62.0, ""pressure"": 988.0, ""temp_unit"": ""C"", ""humidity_unit"": ""RH%"", ""pressure_unit"": ""hPa""}"
2014-02-15T22:00:00,8.0,53.0,988.0,"{""timestamp"": ""2014-02-15T22:00:00"", ""temperature"": 8.0, ""humidity"": 53.0, ""pressure"": 988.0, ""temp_unit"": ""C"", ""humidity_unit"": ""RH%"", ""pressure_unit"": ""hPa""}"
2014-02-15T22:20:00,8.0,66.0,988.0,"{""timestamp"": ""2014-02-15T22:20:00"", ""temperature"": 8.0, ""humidity"": 66.0, ""pressure"": 988.0, ""temp_unit"": ""C"", ""humidity_unit"": ""RH%"", ""pressure_unit"": ""hPa""}"
2014-02-15T22:50:00,7.0,71.0,987.0,"{""timestamp"": ""2014-02-15T22:50:00"", ""temperature"": 7.0, ""humidity"": 71.0, ""pressure"": 987.0, ""temp_unit"": ""C"", ""humidity_unit"": ""RH%"", ""pressure_unit"": ""hPa""}"
2014-02-15T23:00:00,7.0,61.0,988.0,"{""timestamp"": ""2014-02-15T23:00:00"", ""temperature"": 7.0, ""humidity"": 61.0, ""pressure"": 988.0, ""temp_unit"": ""C"", ""humidity_unit"": ""RH%"", ""pressure_unit"": ""hPa""}"
2014-02-15T23:20:00,7.0,71.0,987.0,"{""timestamp"": ""2014-02-15T23:20:00"", ""temperature"": 7.0, ""humidity"": 71.0, ""pressure"": 987.0, ""temp_unit"": ""C"", ""humidity_unit"": ""RH%"", ""pressure_unit"": ""hPa""}"
2014-02-15T23:50:00,7.0,71.0,987.0,"{""timestamp"": ""2014-02-15T23:50:00"", ""temperature"": 7.0, ""humidity"": 71.0, ""pressure"": 987.0, ""temp_unit"": ""C"", ""humidity_unit"": ""RH%"", ""pressure_unit"": ""hPa""}"
2014-02-16T00:00:00,6.0,68.0,988.0,"{""timestamp"": ""2014-02-16T00:00:00"", ""temperature"": 6.0, ""humidity"": 68.0, ""pressure"": 988.0, ""temp_unit"": ""C"", ""humidity_unit"": ""RH%"", ""pressure_unit"": ""hPa""}"
2014-02-16T00:20:00,7.0,71.0,987.0,"{""timestamp"": ""2014-02-16T00:20:00"", ""temperature"": 7.0, ""humidity"": 71.0, ""pressure"": 987.0, ""temp_unit"": ""C"", ""humidity_unit"": ""RH%"", ""pressure_unit"": ""hPa""}"
2014-02-16T00:50:00,7.0,71.0,987.0,"{""timestamp"": ""2014-02-16T00:50:00"", ""temperature"": 7.0, ""humidity"": 71.0, ""pressure"": 987.0, ""temp_unit"": ""C"", ""humidity_unit"": ""RH%"", ""pressure_unit"": ""hPa""}"
2014-02-16T01:00:00,7.0,64.0,987.0,"{""timestamp"": ""2014-02-16T01:00:00"", ""temperature"": 7.0, ""humidity"": 64.0, ""pressure"": 987.0, ""temp_unit"": ""C"", ""humidity_unit"": ""RH%"", ""pressure_unit"": ""hPa""}"
2014-02-16T01:20:00,7.0,71.0,986.0,"{""timestamp"": ""2014-02-16T01:20:00"", ""temperature"": 7.0, ""humidity"": 71.0, ""pressure"": 986.0, ""temp_unit"": ""C"", ""humidity_unit"": ""RH%"", ""pressure_unit"": ""hPa""}"
2014-02-16T01:50:00,6.0,76.0,986.0,"{""timestamp"": ""2014-02-16T01:50:00"", ""temperature"": 6.0, ""humidity"": 76.0, ""pressure"": 986.0, ""temp_unit"": ""C"", ""humidity_unit"": ""RH%"", ""pressure_unit"": ""hPa""}"
2014-02-16T02:00:00,6.0,64.0,987.0,"{""timestamp"": ""2014-02-16T02:00:00"", ""temperature"": 6.0, ""humidity"": 64.0, ""pressure"": 987.0, ""temp_unit"": ""C"", ""humidity_unit"": ""RH%"", ""pressure_unit"": ""hPa""}"
2014-02-16T02:20:00,6.0,81.0,986.0,"{""timestamp"": ""2014-02-16T02:20:00"", ""temperature"": 6.0, ""humidity"": 81.0, ""pressure"": 986.0, ""temp_unit"": ""C"", ""humidity_unit"": ""RH%"", ""pressure_unit"": ""hPa""}"
2014-02-16T02:50:00,5.0,87.0,987.0,"{""timestamp"": ""2014-02-16T02:50:00"", ""temperature"": 5.0, ""humidity"": 87.0, ""pressure"": 987.0, ""temp_unit"": ""C"", ""humidity_unit"": ""RH%"", ""pressure_unit"": ""hPa""}"
2014-02-16T03:00:00,5.0,79.0,987.0,"{""timestamp"": ""2014-02-16T03:00:00"", ""temperature"": 5.0, ""humidity"": 79.0, ""pressure"": 987.0, ""temp_unit"": ""C"", ""humidity_unit"": ""RH%"", ""pressure_unit"": ""hPa""}"
2014-02-16T03:20:00,6.0,81.0,987.0,"{""timestamp"": ""2014-02-16T03:20:00"", ""temperature"": 6.0, ""humidity"": 81.0, ""pressure"": 987.0, ""temp_unit"": ""C"", ""humidity_unit"": ""RH%"", ""pressure_unit"": ""hPa""}"
2014-02-16T03:50:00,6.0,81.0,987.0,"{""timestamp"": ""2014-02-16T03:50:00"", ""temperature"": 6.0, ""humidity"": 81.0, ""pressure"": 987.0, ""temp_unit"": ""C"", ""humidity_unit"": ""RH%"", ""pressure_unit"": ""hPa""}"
2014-02-16T04:00:00,6.0,78.0,988.0,"{""timestamp"": ""2014-02-16T04:00:00"", ""temperature"": 6.0, ""humidity"": 78.0, ""pressure"": 988.0, ""temp_unit"": ""C"", ""humidity_unit"": ""RH%"", ""pressure_unit"": ""hPa""}"
2014-02-16T04:20:00,6.0,81.0,988.0,"{""timestamp"": ""2014-02-16T04:20:00"", ""temperature"": 6.0, ""humidity"": 81.0, ""pressure"": 988.0, ""temp_unit"": ""C"", ""humidity_unit"": ""RH%"", ""pressure_unit"": ""hPa""}"
2014-02-16T04:50:00,6.0,81.0,988.0,"{""timestamp"": ""2014-02-16T04:50:00"", ""temperature"": 6.0, ""humidity"": 81.0, ""pressure"": 988.0, ""temp_unit"": ""C"", ""humidity_unit"": ""RH%"", ""pressure_unit"": ""hPa""}"
2014-02-16T05:00:00,5.0,76.0,989.0,"{""timestamp"": ""2014-02-16T05:00:00"", ""temperature"": 5.0, ""humidity"": 76.0, ""pressure"": 989.0, ""temp_unit"": ""C"", ""humidity_unit"": ""RH%"", ""pressure_unit"": ""hPa""}"
2014-02-16T05:20:00,5.0,87.0,989.0,"{""timestamp"": ""2014-02-16T05:20:00"", ""temperature"": 5.0, ""humidity"": 87.0, ""pressure"": 989.0, ""temp_unit"": ""C"", ""humidity_unit"": ""RH%"", ""pressure_unit"": ""hPa""}"
2014-02-16T05:50:00,5.0,81.0,989.0,"{""timestamp"": ""2014-02-16T05:50:00"", ""temperature"": 5.0, ""humidity"": 81.0, ""pressure"": 989.0, ""temp_unit"": ""C"", ""humidity_unit"": ""RH%"", ""pressure_unit"": ""hPa""}"
2014-02-16T06:00:00,5.0,79.0,990.0,"{""timestamp"": ""2014-02-16T06:00:00"", ""temperature"": 5.0, ""humidity"": 79.0, ""pressure"": 990.0, ""temp_unit"": ""C"", ""humidity_unit"": ""RH%"", ""pressure_unit"": ""hPa""}"
2014-02-16T06:20:00,5.0,87.0,989.0,"{""timestamp"": ""2014-02-16T06:20:00"", ""temperature"": 5.0, ""humidity"": 87.0, ""pressure"": 989.0, ""temp_unit"": ""C"", ""humidity_unit"": ""RH%"", ""pressure_unit"": ""hPa""}"
2014-02-16T06:50:00,6.0,81.0,989.0,"{""timestamp"": ""2014-02-16T06:50:00"", ""temperature"": 6.0, ""humidity"": 81.0, ""pressure"": 989.0, ""temp_unit"": ""C"", ""humidity_unit"": ""RH%"", ""pressure_unit"": ""hPa""}"
2014-02-16T07:00:00,6.0,72.0,990.0,"{""timestamp"": ""2014-02-16T07:00:00"", ""temperature"": 6.0, ""humidity"": 72.0, ""pressure"": 990.0, ""temp_unit"": ""C"", ""humidity_unit"": ""RH%"", ""pressure_unit"": ""hPa""}"
2014-02-16T07:20:00,6.0,76.0,990.0,"{""timestamp"": ""2014-02-16T07:20:00"", ""temperature"": 6.0, ""humidity"": 76.0, ""pressure"": 990.0, ""temp_unit"": ""C"", ""humidity_unit"": ""RH%"", ""pressure_unit"": ""hPa""}"
2014-02-16T07:50:00,5.0,81.0,991.0,"{""timestamp"": ""2014-02-16T07:50:00"", ""temperature"": 5.0, ""humidity"": 81.0, ""pressure"": 991.0, ""temp_unit"": ""C"", ""humidity_unit"": ""RH%"", ""pressure_unit"": ""hPa""}"
2014-02-16T08:00:00,4.0,79.0,991.0,"{""timestamp"": ""2014-02-16T08:00:00"", ""temperature"": 4.0, ""humidity"": 79.0, ""pressure"": 991.0, ""temp_unit"": ""C"", ""humidity_unit"": ""RH%"", ""pressure_unit"": ""hPa""}"
2014-02-16T08:20:00,5.0,81.0,990.0,"{""timestamp"": ""2014-02-16T08:20:00"", ""temperature"": 5.0, ""humidity"": 81.0, ""pressure"": 990.0, ""temp_unit"": ""C"", ""humidity_unit"": ""RH%"", ""pressure_unit"": ""hPa""}"
2014-02-16T08:50:00,5.0,81.0,991.0,"{""timestamp"": ""2014-02-16T08:50:00"", ""temperature"": 5.0, ""humidity"": 81.0, ""pressure"": 991.0, ""temp_unit"": ""C"", ""humidity_unit"": ""RH%"", ""pressure_unit"": ""hPa""}"
2014-02-16T09:00:00,5.0,71.0,991.0,"{""timestamp"": ""2014-02-16T09:00:00"", ""temperature"": 5.0, ""humidity"": 71.0, ""pressure"": 991.0, ""temp_unit"": ""C"", ""humidity_unit"": ""RH%"", ""pressure_unit"": ""hPa""}"
2014-02-16T09:20:00,6.0,76.0,991.0,"{""timestamp"": ""2014-02-16T09:20:00"", ""temperature"": 6.0, ""humidity"": 76.0, ""pressure"": 991.0, ""temp_unit"": ""C"", ""humidity_unit"": ""RH%"", ""pressure_unit"": ""hPa""}"
2014-02-16T09:50:00,6.0,76.0,991.0,"{""timestamp"": ""2014-02-16T09:50:00"", ""temperature"": 6.0, ""humidity"": 76.0, ""pressure"": 991.0, ""temp_unit"": ""C"", ""humidity_unit"": ""RH%"", ""pressure_unit"": ""hPa""}"
2014-02-16T10:00:00,6.0,67.0,992.0,"{""timestamp"": ""2014-02-16T10:00:00"", ""temperature"": 6.0, ""humidity"": 67.0, ""pressure"": 992.0, ""temp_unit"": ""C"", ""humidity_unit"": ""RH%"", ""pressure_unit"": ""hPa""}"
2014-02-16T10:20:00,6.0,76.0,991.0,"{""timestamp"": ""2014-02-16T10:20:00"", ""temperature"": 6.0, ""humidity"": 76.0, ""pressure"": 991.0, ""temp_unit"": ""C"", ""humidity_unit"": ""RH%"", ""pressure_unit"": ""hPa""}"
2014-02-16T10:50:00,6.0,76.0,991.0,"{""timestamp"": ""2014-02-16T10:50:00"", ""temperature"": 6.0, ""humidity"": 76.0, ""pressure"": 991.0, ""temp_unit"": ""C"", ""humidity_unit"": ""RH%"", ""pressure_unit"": ""hPa""}"
2014-02-16T11:00:00,6.0,70.0,992.0,"{""timestamp"": ""2014-02-16T11:00:00"", ""temperature"": 6.0, ""humidity"": 70.0, ""pressure"": 992.0, ""temp_unit"": ""C"", ""humidity_unit"": ""RH%"", ""pressure_unit"": ""hPa""}"
2014-02-16T11:20:00,6.0,76.0,992.0,"{""timestamp"": ""2014-02-16T11:20:00"", ""temperature"": 6.0, ""humidity"": 76.0, ""pressure"": 992.0, ""temp_unit"": ""C"", ""humidity_unit"": ""RH%"", ""pressure_unit"": ""hPa""}"
2014-02-16T11:50:00,7.0,71.0,992.0,"{""timestamp"": ""2014-02-16T11:50:00"", ""temperature"": 7.0, ""humidity"": 71.0, ""pressure"": 992.0, ""temp_unit"": ""C"", ""humidity_unit"": ""RH%"", ""pressure_unit"": ""hPa""}"
2014-02-16T12:00:00,6.0,66.0,993.0,"{""timestamp"": ""2014-02-16T12:00:00"", ""temperature"": 6.0, ""humidity"": 66.0, ""pressure"": 993.0, ""temp_unit"": ""C"", ""humidity_unit"": ""RH%"", ""pressure_unit"": ""hPa""}"
2014-02-16T12:20:00,7.0,71.0,992.0,"{""timestamp"": ""2014-02-16T12:20:00"", ""temperature"": 7.0, ""humidity"": 71.0, ""pressure"": 992.0, ""temp_unit"": ""C"", ""humidity_unit"": ""RH%"", ""pressure_unit"": ""hPa""}"
2014-02-16T12:50:00,7.0,71.0,993.0,"{""timestamp"": ""2014-02-16T12:50:00"", ""temperature"": 7.0, ""humidity"": 71.0, ""pressure"": 993.0, ""temp_unit"": ""C"", ""humidity_unit"": ""RH%"", ""pressure_unit"": ""hPa""}"
2014-02-16T13:00:00,6.0,72.0,993.0,"{""timestamp"": ""2014-02-16T13:00:00"", ""temperature"": 6.0, ""humidity"": 72.0, ""pressure"": 993.0, ""temp_unit"": ""C"", ""humidity_unit"": ""RH%"", ""pressure_unit"": ""hPa""}"
2014-02-16T13:20:00,7.0,71.0,992.0,"{""timestamp"": ""2014-02-16T13:20:00"", ""temperature"": 7.0, ""humidity"": 71.0, ""pressure"": 992.0, ""temp_unit"": ""C"", ""humidity_unit"": ""RH%"", ""pressure_unit"": ""hPa""}"
2014-02-16T13:50:00,7.0,71.0,993.0,"{""timestamp"": ""2014-02-16T13:50:00"", ""temperature"": 7.0, ""humidity"": 71.0, ""pressure"": 993.0, ""temp_unit"": ""C"", ""humidity_unit"": ""RH%"", ""pressure_unit"": ""hPa""}"
2014-02-16T14:00:00,7.0,60.0,993.0,"{""timestamp"": ""2014-02-16T14:00:00"", ""temperature"": 7.0, ""humidity"": 60.0, ""pressure"": 993.0, ""temp_unit"": ""C"", ""humidity_unit"": ""RH%"", ""pressure_unit"": ""hPa""}"
2014-02-16T14:20:00,7.0,71.0,993.0,"{""timestamp"": ""2014-02-16T14:20:00"", ""temperature"": 7.0, ""humidity"": 71.0, ""pressure"": 993.0, ""temp_unit"": ""C"", ""humidity_unit"": ""RH%"", ""pressure_unit"": ""hPa""}"
2014-02-16T14:50:00,5.0,87.0,993.0,"{""timestamp"": ""2014-02-16T14:50:00"", ""temperature"": 5.0, ""humidity"": 87.0, ""pressure"": 993.0, ""temp_unit"": ""C"", ""humidity_unit"": ""RH%"", ""pressure_unit"": ""hPa""}"
2014-02-16T15:00:00,5.0,78.0,994.0,"{""timestamp"": ""2014-02-16T15:00:00"", ""temperature"": 5.0, ""humidity"": 78.0, ""pressure"": 994.0, ""temp_unit"": ""C"", ""humidity_unit"": ""RH%"", ""pressure_unit"": ""hPa""}"
2014-02-16T15:20:00,5.0,81.0,994.0,"{""timestamp"": ""2014-02-16T15:20:00"", ""temperature"": 5.0, ""humidity"": 81.0, ""pressure"": 994.0, ""temp_unit"": ""C"", ""humidity_unit"": ""RH%"", ""pressure_unit"": ""hPa""}"
2014-02-16T15:50:00,5.0,81.0,995.0,"{""timestamp"": ""2014-02-16T15:50:00"", ""temperature"": 5.0, ""humidity"": 81.0, ""pressure"": 995.0, ""temp_unit"": ""C"", ""humidity_unit"": ""RH%"", ""pressure_unit"": ""hPa""}"
2014-02-16T16:00:00,5.0,77.0,996.0,"{""timestamp"": ""2014-02-16T16:00:00"", ""temperature"": 5.0, ""humidity"": 77.0, ""pressure"": 996.0, ""temp_unit"": ""C"", ""humidity_unit"": ""RH%"", ""pressure_unit"": ""hPa""}"
2014-02-16T16:20:00,5.0,81.0,995.0,"{""timestamp"": ""2014-02-16T16:20:00"", ""temperature"": 5.0, ""humidity"": 81.0, ""pressure"": 995.0, ""temp_unit"": ""C"", ""humidity_unit"": ""RH%"", ""pressure_unit"": ""hPa""}"
2014-02-16T16:50:00,4.0,87.0,996.0,"{""timestamp"": ""2014-02-16T16:50:00"", ""temperature"": 4.0, ""humidity"": 87.0, ""pressure"": 996.0, ""temp_unit"": ""C"", ""humidity_unit"": ""RH%"", ""pressure_unit"": ""hPa""}"
2014-02-16T17:00:00,4.0,77.0,996.0,"{""timestamp"": ""2014-02-16T17:00:00"", ""temperature"": 4.0, ""humidity"": 77.0, ""pressure"": 996.0, ""temp_unit"": ""C"", ""humidity_unit"": ""RH%"", ""pressure_unit"": ""hPa""}"
2014-02-16T17:20:00,4.0,87.0,996.0,"{""timestamp"": ""2014-02-16T17:20:00"", ""temperature"": 4.0, ""humidity"": 87.0, ""pressure"": 996.0, ""temp_unit"": ""C"", ""humidity_unit"": ""RH%"", ""pressure_unit"": ""hPa""}"
2014-02-16T17:50:00,5.0,81.0,996.0,"{""timestamp"": ""2014-02-16T17:50:00"", ""temperature"": 5.0, ""humidity"": 81.0, ""pressure"": 996.0, ""temp_unit"": ""C"", ""humidity_unit"": ""RH%"", ""pressure_unit"": ""hPa""}"
2014-02-16T18:00:00,5.0,78.0,997.0,"{""timestamp"": ""2014-02-16T18:00:00"", ""temperature"": 5.0, ""humidity"": 78.0, ""pressure"": 997.0, ""temp_unit"": ""C"", ""humidity_unit"": ""RH%"", ""pressure_unit"": ""hPa""}"
2014-02-16T18:20:00,5.0,81.0,997.0,"{""timestamp"": ""2014-02-16T18:20:00"", ""temperature"": 5.0, ""humidity"": 81.0, ""pressure"": 997.0, ""temp_unit"": ""C"", ""humidity_unit"": ""RH%"", ""pressure_unit"": ""hPa""}"
2014-02-16T18:50:00,5.0,81.0,997.0,"{""timestamp"": ""2014-02-16T18:50:00"", ""temperature"": 5.0, ""humidity"": 81.0, ""pressure"": 997.0, ""temp_unit"": ""C"", ""humidity_unit"": ""RH%"", ""pressure_unit"": ""hPa""}"
2014-02-16T19:00:00,5.0,73.0,998.0,"{""timestamp"": ""2014-02-16T19:00:00"", ""temperature"": 5.0, ""humidity"": 73.0, ""pressure"": 998.0, ""temp_unit"": ""C"", ""humidity_unit"": ""RH%"", ""pressure_unit"": ""hPa""}"
2014-02-16T19:20:00,5.0,81.0,998.0,"{""timestamp"": ""2014-02-16T19:20:00"", ""temperature"": 5.0, ""humidity"": 81.0, ""pressure"": 998.0, ""temp_unit"": ""C"", ""humidity_unit"": ""RH%"", ""pressure_unit"": ""hPa""}"
2014-02-16T19:50:00,5.0,76.0,998.0,"{""timestamp"": ""2014-02-16T19:50:00"", ""temperature"": 5.0, ""humidity"": 76.0, ""pressure"": 998.0, ""temp_unit"": ""C"", ""humidity_unit"": ""RH%"", ""pressure_unit"": ""hPa""}"
2014-02-16T20:00:00,5.0,73.0,999.0,"{""timestamp"": ""2014-02-16T20:00:00"", ""temperature"": 5.0, ""humidity"": 73.0, ""pressure"": 999.0, ""temp_unit"": ""C"", ""humidity_unit"": ""RH%"", ""pressure_unit"": ""hPa""}"
2014-02-16T20:20:00,4.0,81.0,999.0,"{""timestamp"": ""2014-02-16T20:20:00"", ""temperature"": 4.0, ""humidity"": 81.0, ""pressure"": 999.0, ""temp_unit"": ""C"", ""humidity_unit"": ""RH%"", ""pressure_unit"": ""hPa""}"
2014-02-16T20:50:00,4.0,81.0,999.0,"{""timestamp"": ""2014-02-16T20:50:00"", ""temperature"": 4.0, ""humidity"": 81.0, ""pressure"": 999.0, ""temp_unit"": ""C"", ""humidity_unit"": ""RH%"", ""pressure_unit"": ""hPa""}"
2014-02-16T21:00:00,4.0,70.0,1000.0,"{""timestamp"": ""2014-02-16T21:00:00"", ""temperature"": 4.0, ""humidity"": 70.0, ""pressure"": 1000.0, ""temp_unit"": ""C"", ""humidity_unit"": ""RH%"", ""pressure_unit"": ""hPa""}"
2014-02-16T21:20:00,4.0,81.0,999.0,"{""timestamp"": ""2014-02-16T21:20:00"", ""temperature"": 4.0, ""humidity"": 81.0, ""pressure"": 999.0, ""temp_unit"": ""C"", ""humidity_unit"": ""RH%"", ""pressure_unit"": ""hPa""}"
2014-02-16T21:50:00,4.0,81.0,1000.0,"{""timestamp"": ""2014-02-16T21:50:00"", ""temperature"": 4.0, ""humidity"": 81.0, ""pressure"": 1000.0, ""temp_unit"": ""C"", ""humidity_unit"": ""RH%"", ""pressure_unit"": ""hPa""}"
2014-02-16T22:00:00,4.0,73.0,1000.0,"{""timestamp"": ""2014-02-16T22:00:00"", ""temperature"": 4.0, ""humidity"": 73.0, ""pressure"": 1000.0, ""temp_unit"": ""C"", ""humidity_unit"": ""RH%"", ""pressure_unit"": ""hPa""}"
2014-02-16T22:20:00,4.0,81.0,1000.0,"{""timestamp"": ""2014-02-16T22:20:00"", ""temperature"": 4.0, ""humidity"": 81.0, ""pressure"": 1000.0, ""temp_unit"": ""C"", ""humidity_unit"": ""RH%"", ""pressure_unit"": ""hPa""}"
2014-02-16T22:50:00,4.0,75.0,1000.0,"{""timestamp"": ""2014-02-16T22:50:00"", ""temperature"": 4.0, ""humidity"": 75.0, ""pressure"": 1000.0, ""temp_unit"": ""C"", ""humidity_unit"": ""RH%"", ""pressure_unit"": ""hPa""}"
2014-02-16T23:00:00,4.0,73.0,1001.0,"{""timestamp"": ""2014-02-16T23:00:00"", ""temperature"": 4.0, ""humidity"": 73.0, ""pressure"": 1001.0, ""temp_unit"": ""C"", ""humidity_unit"": ""RH%"", ""pressure_unit"": ""hPa""}"
2014-02-16T23:20:00,3.0,81.0,1001.0,"{""timestamp"": ""2014-02-16T23:20:00"", ""temperature"": 3.0, ""humidity"": 81.0, ""pressure"": 1001.0, ""temp_unit"": ""C"", ""humidity_unit"": ""RH%"", ""pressure_unit"": ""hPa""}"
2014-02-16T23:50:00,3.0,81.0,1001.0,"{""timestamp"": ""2014-02-16T23:50:00"", ""temperature"": 3.0, ""humidity"": 81.0, ""pressure"": 1001.0, ""temp_unit"": ""C"", ""humidity_unit"": ""RH%"", ""pressure_unit"": ""hPa""}"
2014-02-17T00:00:00,3.0,74.0,1002.0,"{""timestamp"": ""2014-02-17T00:00:00"", ""temperature"": 3.0, ""humidity"": 74.0, ""pressure"": 1002.0, ""temp_unit"": ""C"", ""humidity_unit"": ""RH%"", ""pressure_unit"": ""hPa""}"
2014-02-17T00:20:00,3.0,81.0,1001.0,"{""timestamp"": ""2014-02-17T00:20:00"", ""temperature"": 3.0, ""humidity"": 81.0, ""pressure"": 1001.0, ""temp_unit"": ""C"", ""humidity_unit"": ""RH%"", ""pressure_unit"": ""hPa""}"
2014-02-17T00:50:00,3.0,87.0,1001.0,"{""timestamp"": ""2014-02-17T00:50:00"", ""temperature"": 3.0, ""humidity"": 87.0, ""pressure"": 1001.0, ""temp_unit"": ""C"", ""humidity_unit"": ""RH%"", ""pressure_unit"": ""hPa""}"
2014-02-17T01:00:00,4.0,77.0,1002.0,"{""timestamp"": ""2014-02-17T01:00:00"", ""temperature"": 4.0, ""humidity"": 77.0, ""pressure"": 1002.0, ""temp_unit"": ""C"", ""humidity_unit"": ""RH%"", ""pressure_unit"": ""hPa""}"
2014-02-17T01:20:00,3.0,87.0,1002.0,"{""timestamp"": ""2014-02-17T01:20:00"", ""temperature"": 3.0, ""humidity"": 87.0, ""pressure"": 1002.0, ""temp_unit"": ""C"", ""humidity_unit"": ""RH%"", ""pressure_unit"": ""hPa""}"
2014-02-17T01:50:00,3.0,87.0,1002.0,"{""timestamp"": ""2014-02-17T01:50:00"", ""temperature"": 3.0, ""humidity"": 87.0, ""pressure"": 1002.0, ""temp_unit"": ""C"", ""humidity_unit"": ""RH%"", ""pressure_unit"": ""hPa""}"
2014-02-17T02:00:00,3.0,77.0,1002.0,"{""timestamp"": ""2014-02-17T02:00:00"", ""temperature"": 3.0, ""humidity"": 77.0, ""pressure"": 1002.0, ""temp_unit"": ""C"", ""humidity_unit"": ""RH%"", ""pressure_unit"": ""hPa""}"
2014-02-17T02:20:00,3.0,87.0,1002.0,"{""timestamp"": ""2014-02-17T02:20:00"", ""temperature"": 3.0, ""humidity"": 87.0, ""pressure"": 1002.0, ""temp_unit"": ""C"", ""humidity_unit"": ""RH%"", ""pressure_unit"": ""hPa""}"
2014-02-17T02:50:00,3.0,81.0,1002.0,"{""timestamp"": ""2014-02-17T02:50:00"", ""temperature"": 3.0, ""humidity"": 81.0, ""pressure"": 1002.0, ""temp_unit"": ""C"", ""humidity_unit"": ""RH%"", ""pressure_unit"": ""hPa""}"
2014-02-17T03:00:00,3.0,74.0,1003.0,"{""timestamp"": ""2014-02-17T03:00:00"", ""temperature"": 3.0, ""humidity"": 74.0, ""pressure"": 1003.0, ""temp_unit"": ""C"", ""humidity_unit"": ""RH%"", ""pressure_unit"": ""hPa""}"
2014-02-17T03:20:00,3.0,81.0,1002.0,"{""timestamp"": ""2014-02-17T03:20:00"", ""temperature"": 3.0, ""humidity"": 81.0, ""pressure"": 1002.0, ""temp_unit"": ""C"", ""humidity_unit"": ""RH%"", ""pressure_unit"": ""hPa""}"
2014-02-17T03:50:00,3.0,81.0,1002.0,"{""timestamp"": ""2014-02-17T03:50:00"", ""temperature"": 3.0, ""humidity"": 81.0, ""pressure"": 1002.0, ""temp_unit"": ""C"", ""humidity_unit"": ""RH%"", ""pressure_unit"": ""hPa""}"
2014-02-17T04:00:00,3.0,74.0,1003.0,"{""timestamp"": ""2014-02-17T04:00:00"", ""temperature"": 3.0, ""humidity"": 74.0, ""pressure"": 1003.0, ""temp_unit"": ""C"", ""humidity_unit"": ""RH%"", ""pressure_unit"": ""hPa""}"
2014-02-17T04:20:00,3.0,81.0,1002.0,"{""timestamp"": ""2014-02-17T04:20:00"", ""temperature"": 3.0, ""humidity"": 81.0, ""pressure"": 1002.0, ""temp_unit"": ""C"", ""humidity_unit"": ""RH%"", ""pressure_unit"": ""hPa""}"
2014-02-17T04:50:00,3.0,81.0,1003.0,"{""timestamp"": ""2014-02-17T04:50:00"", ""temperature"": 3.0, ""humidity"": 81.0, ""pressure"": 1003.0, ""temp_unit"": ""C"", ""humidity_unit"": ""RH%"", ""pressure_unit"": ""hPa""}"
2014-02-17T05:00:00,3.0,78.0,1004.0,"{""timestamp"": ""2014-02-17T05:00:00"", ""temperature"": 3.0, ""humidity"": 78.0, ""pressure"": 1004.0, ""temp_unit"": ""C"", ""humidity_unit"": ""RH%"", ""pressure_unit"": ""hPa""}"
2014-02-17T05:20:00,3.0,81.0,1003.0,"{""timestamp"": ""2014-02-17T05:20:00"", ""temperature"": 3.0, ""humidity"": 81.0, ""pressure"": 1003.0, ""temp_unit"": ""C"", ""humidity_unit"": ""RH%"", ""pressure_unit"": ""hPa""}"
2014-02-17T05:50:00,3.0,81.0,1003.0,"{""timestamp"": ""2014-02-17T05:50:00"", ""temperature"": 3.0, ""humidity"": 81.0, ""pressure"": 1003.0, ""temp_unit"": ""C"", ""humidity_unit"": ""RH%"", ""pressure_unit"": ""hPa""}"
2014-02-17T06:00:00,3.0,73.0,1004.0,"{""timestamp"": ""2014-02-17T06:00:00"", ""temperature"": 3.0, ""humidity"": 73.0, ""pressure"": 1004.0, ""temp_unit"": ""C"", ""humidity_unit"": ""RH%"", ""pressure_unit"": ""hPa""}"
2014-02-17T06:20:00,3.0,81.0,1003.0,"{""timestamp"": ""2014-02-17T06:20:00"", ""temperature"": 3.0, ""humidity"": 81.0, ""pressure"": 1003.0, ""temp_unit"": ""C"", ""humidity_unit"": ""RH%"", ""pressure_unit"": ""hPa""}"
2014-02-17T06:50:00,3.0,81.0,1004.0,"{""timestamp"": ""2014-02-17T06:50:00"", ""temperature"": 3.0, ""humidity"": 81.0, ""pressure"": 1004.0, ""temp_unit"": ""C"", ""humidity_unit"": ""RH%"", ""pressure_unit"": ""hPa""}"
2014-02-17T07:00:00,3.0,79.0,1004.0,"{""timestamp"": ""2014-02-17T07:00:00"", ""temperature"": 3.0, ""humidity"": 79.0, ""pressure"": 1004.0, ""temp_unit"": ""C"", ""humidity_unit"": ""RH%"", ""pressure_unit"": ""hPa""}"
2014-02-17T07:20:00,3.0,81.0,1004.0,"{""timestamp"": ""2014-02-17T07:20:00"", ""temperature"": 3.0, ""humidity"": 81.0, ""pressure"": 1004.0, ""temp_unit"": ""C"", ""humidity_unit"": ""RH%"", ""pressure_unit"": ""hPa""}"
2014-02-17T07:50:00,3.0,81.0,1004.0,"{""timestamp"": ""2014-02-17T07:50:00"", ""temperature"": 3.0, ""humidity"": 81.0, ""pressure"": 1004.0, ""temp_unit"": ""C"", ""humidity_unit"": ""RH%"", ""pressure_unit"": ""hPa""}"
2014-02-17T08:00:00,3.0,75.0,1005.0,"{""timestamp"": ""2014-02-17T08:00:00"", ""temperature"": 3.0, ""humidity"": 75.0, ""pressure"": 1005.0, ""temp_unit"": ""C"", ""humidity_unit"": ""RH%"", ""pressure_unit"": ""hPa""}"
2014-02-17T08:20:00,3.0,87.0,1005.0,"{""timestamp"": ""2014-02-17T08:20:00"", ""temperature"": 3.0, ""humidity"": 87.0, ""pressure"": 1005.0, ""temp_unit"": ""C"", ""humidity_unit"": ""RH%"", ""pressure_unit"": ""hPa""}"
2014-02-17T08:50:00,4.0,81.0,1005.0,"{""timestamp"": ""2014-02-17T08:50:00"", ""temperature"": 4.0, ""humidity"": 81.0, ""pressure"": 1005.0, ""temp_unit"": ""C"", ""humidity_unit"": ""RH%"", ""pressure_unit"": ""hPa""}"
2014-02-17T09:00:00,4.0,73.0,1006.0,"{""timestamp"": ""2014-02-17T09:00:00"", ""temperature"": 4.0, ""humidity"": 73.0, ""pressure"": 1006.0, ""temp_unit"": ""C"", ""humidity_unit"": ""RH%"", ""pressure_unit"": ""hPa""}"
2014-02-17T09:20:00,5.0,76.0,1006.0,"{""timestamp"": ""2014-02-17T09:20:00"", ""temperature"": 5.0, ""humidity"": 76.0, ""pressure"": 1006.0, ""temp_unit"": ""C"", ""humidity_unit"": ""RH%"", ""pressure_unit"": ""hPa""}"
2014-02-17T09:50:00,5.0,76.0,1006.0,"{""timestamp"": ""2014-02-17T09:50:00"", ""temperature"": 5.0, ""humidity"": 76.0, ""pressure"": 1006.0, ""temp_unit"": ""C"", ""humidity_unit"": ""RH%"", ""pressure_unit"": ""hPa""}"
2014-02-17T10:00:00,6.0,63.0,1007.0,"{""timestamp"": ""2014-02-17T10:00:00"", ""temperature"": 6.0, ""humidity"": 63.0, ""pressure"": 1007.0, ""temp_unit"": ""C"", ""humidity_unit"": ""RH%"", ""pressure_unit"": ""hPa""}"
2014-02-17T10:20:00,6.0,70.0,1006.0,"{""timestamp"": ""2014-02-17T10:20:00"", ""temperature"": 6.0, ""humidity"": 70.0, ""pressure"": 1006.0, ""temp_unit"": ""C"", ""humidity_unit"": ""RH%"", ""pressure_unit"": ""hPa""}"
2014-02-17T10:50:00,7.0,66.0,1007.0,"{""timestamp"": ""2014-02-17T10:50:00"", ""temperature"": 7.0, ""humidity"": 66.0, ""pressure"": 1007.0, ""temp_unit"": ""C"", ""humidity_unit"": ""RH%"", ""pressure_unit"": ""hPa""}"
2014-02-17T11:00:00,7.0,57.0,1007.0,"{""timestamp"": ""2014-02-17T11:00:00"", ""temperature"": 7.0, ""humidity"": 57.0, ""pressure"": 1007.0, ""temp_unit"": ""C"", ""humidity_unit"": ""RH%"", ""pressure_unit"": ""hPa""}"
2014-02-17T11:20:00,7.0,66.0,1007.0,"{""timestamp"": ""2014-02-17T11:20:00"", ""temperature"": 7.0, ""humidity"": 66.0, ""pressure"": 1007.0, ""temp_unit"": ""C"", ""humidity_unit"": ""RH%"", ""pressure_unit"": ""hPa""}"
2014-02-17T11:50:00,7.0,66.0,1008.0,"{""timestamp"": ""2014-02-17T11:50:00"", ""temperature"": 7.0, ""humidity"": 66.0, ""pressure"": 1008.0, ""temp_unit"": ""C"", ""humidity_unit"": ""RH%"", ""pressure_unit"": ""hPa""}"
2014-02-17T12:00:00,8.0,49.0,1008.0,"{""timestamp"": ""2014-02-17T12:00:00"", ""temperature"": 8.0, ""humidity"": 49.0, ""pressure"": 1008.0, ""temp_unit"": ""C"", ""humidity_unit"": ""RH%"", ""pressure_unit"": ""hPa""}"
2014-02-17T12:50:00,7.0,66.0,1008.0,"{""timestamp"": ""2014-02-17T12:50:00"", ""temperature"": 7.0, ""humidity"": 66.0, ""pressure"": 1008.0, ""temp_unit"": ""C"", ""humidity_unit"": ""RH%"", ""pressure_unit"": ""hPa""}"
2014-02-17T13:00:00,7.0,51.0,1009.0,"{""timestamp"": ""2014-02-17T13:00:00"", ""temperature"": 7.0, ""humidity"": 51.0, ""pressure"": 1009.0, ""temp_unit"": ""C"", ""humidity_unit"": ""RH%"", ""pressure_unit"": ""hPa""}"
2014-02-17T13:20:00,8.0,57.0,1008.0,"{""timestamp"": ""2014-02-17T13:20:00"", ""temperature"": 8.0, ""humidity"": 57.0, ""pressure"": 1008.0, ""temp_unit"": ""C"", ""humidity_unit"": ""RH%"", ""pressure_unit"": ""hPa""}"
2014-02-17T13:50:00,7.0,61.0,1009.0,"{""timestamp"": ""2014-02-17T13:50:00"", ""temperature"": 7.0, ""humidity"": 61.0, ""pressure"": 1009.0, ""temp_unit"": ""C"", ""humidity_unit"": ""RH%"", ""pressure_unit"": ""hPa""}"
2014-02-17T14:00:00,7.0,48.0,1010.0,"{""timestamp"": ""2014-02-17T14:00:00"", ""temperature"": 7.0, ""humidity"": 48.0, ""pressure"": 1010.0, ""temp_unit"": ""C"", ""humidity_unit"": ""RH%"", ""pressure_unit"": ""hPa""}"
2014-02-17T14:20:00,7.0,61.0,1009.0,"{""timestamp"": ""2014-02-17T14:20:00"", ""temperature"": 7.0, ""humidity"": 61.0, ""pressure"": 1009.0, ""temp_unit"": ""C"", ""humidity_unit"": ""RH%"", ""pressure_unit"": ""hPa""}"
2014-02-17T14:50:00,8.0,53.0,1009.0,"{""timestamp"": ""2014-02-17T14:50:00"", ""temperature"": 8.0, ""humidity"": 53.0, ""pressure"": 1009.0, ""temp_unit"": ""C"", ""humidity_unit"": ""RH%"", ""pressure_unit"": ""hPa""}"
2014-02-17T15:00:00,8.0,41.0,1010.0,"{""timestamp"": ""2014-02-17T15:00:00"", ""temperature"": 8.0, ""humidity"": 41.0, ""pressure"": 1010.0, ""temp_unit"": ""C"", ""humidity_unit"": ""RH%"", ""pressure_unit"": ""hPa""}"
2014-02-17T15:20:00,8.0,53.0,1009.0,"{""timestamp"": ""2014-02-17T15:20:00"", ""temperature"": 8.0, ""humidity"": 53.0, ""pressure"": 1009.0, ""temp_unit"": ""C"", ""humidity_unit"": ""RH%"", ""pressure_unit"": ""hPa""}"
2014-02-17T15:50:00,8.0,53.0,1010.0,"{""timestamp"": ""2014-02-17T15:50:00"", ""temperature"": 8.0, ""humidity"": 53.0, ""pressure"": 1010.0, ""temp_unit"": ""C"", ""humidity_unit"": ""RH%"", ""pressure_unit"": ""hPa""}"
2014-02-17T16:00:00,8.0,40.0,1010.0,"{""timestamp"": ""2014-02-17T16:00:00"", ""temperature"": 8.0, ""humidity"": 40.0, ""pressure"": 1010.0, ""temp_unit"": ""C"", ""humidity_unit"": ""RH%"", ""pressure_unit"": ""hPa""}"
2014-02-17T16:20:00,7.0,53.0,1010.0,"{""timestamp"": ""2014-02-17T16:20:00"", ""temperature"": 7.0, ""humidity"": 53.0, ""pressure"": 1010.0, ""temp_unit"": ""C"", ""humidity_unit"": ""RH%"", ""pressure_unit"": ""hPa""}"
2014-02-17T16:50:00,7.0,53.0,1010.0,"{""timestamp"": ""2014-02-17T16:50:00"", ""temperature"": 7.0, ""humidity"": 53.0, ""pressure"": 1010.0, ""temp_unit"": ""C"", ""humidity_unit"": ""RH%"", ""pressure_unit"": ""hPa""}"
2014-02-17T17:00:00,6.0,42.0,1011.0,"{""timestamp"": ""2014-02-17T17:00:00"", ""temperature"": 6.0, ""humidity"": 42.0, ""pressure"": 1011.0, ""temp_unit"": ""C"", ""humidity_unit"": ""RH%"", ""pressure_unit"": ""hPa""}"
2014-02-17T17:20:00,6.0,57.0,1011.0,"{""timestamp"": ""2014-02-17T17:20:00"", ""temperature"": 6.0, ""humidity"": 57.0, ""pressure"": 1011.0, ""temp_unit"": ""C"", ""humidity_unit"": ""RH%"", ""pressure_unit"": ""hPa""}"
2014-02-17T17:50:00,5.0,65.0,1011.0,"{""timestamp"": ""2014-02-17T17:50:00"", ""temperature"": 5.0, ""humidity"": 65.0, ""pressure"": 1011.0, ""temp_unit"": ""C"", ""humidity_unit"": ""RH%"", ""pressure_unit"": ""hPa""}"
2014-02-17T18:00:00,4.0,57.0,1012.0,"{""timestamp"": ""2014-02-17T18:00:00"", ""temperature"": 4.0, ""humidity"": 57.0, ""pressure"": 1012.0, ""temp_unit"": ""C"", ""humidity_unit"": ""RH%"", ""pressure_unit"": ""hPa""}"
2014-02-17T18:20:00,4.0,70.0,1011.0,"{""timestamp"": ""2014-02-17T18:20:00"", ""temperature"": 4.0, ""humidity"": 70.0, ""pressure"": 1011.0, ""temp_unit"": ""C"", ""humidity_unit"": ""RH%"", ""pressure_unit"": ""hPa""}"
2014-02-17T18:50:00,3.0,75.0,1012.0,"{""timestamp"": ""2014-02-17T18:50:00"", ""temperature"": 3.0, ""humidity"": 75.0, ""pressure"": 1012.0, ""temp_unit"": ""C"", ""humidity_unit"": ""RH%"", ""pressure_unit"": ""hPa""}"
2014-02-17T19:00:00,3.0,69.0,1012.0,"{""timestamp"": ""2014-02-17T19:00:00"", ""temperature"": 3.0, ""humidity"": 69.0, ""pressure"": 1012.0, ""temp_unit"": ""C"", ""humidity_unit"": ""RH%"", ""pressure_unit"": ""hPa""}"
2014-02-17T19:20:00,3.0,81.0,1012.0,"{""timestamp"": ""2014-02-17T19:20:00"", ""temperature"": 3.0, ""humidity"": 81.0, ""pressure"": 1012.0, ""temp_unit"": ""C"", ""humidity_unit"": ""RH%"", ""pressure_unit"": ""hPa""}"
2014-02-17T19:50:00,3.0,75.0,1012.0,"{""timestamp"": ""2014-02-17T19:50:00"", ""temperature"": 3.0, ""humidity"": 75.0, ""pressure"": 1012.0, ""temp_unit"": ""C"", ""humidity_unit"": ""RH%"", ""pressure_unit"": ""hPa""}"
2014-02-17T20:00:00,3.0,70.0,1013.0,"{""timestamp"": ""2014-02-17T20:00:00"", ""temperature"": 3.0, ""humidity"": 70.0, ""pressure"": 1013.0, ""temp_unit"": ""C"", ""humidity_unit"": ""RH%"", ""pressure_unit"": ""hPa""}"
2014-02-17T20:20:00,2.0,81.0,1012.0,"{""timestamp"": ""2014-02-17T20:20:00"", ""temperature"": 2.0, ""humidity"": 81.0, ""pressure"": 1012.0, ""temp_unit"": ""C"", ""humidity_unit"": ""RH%"", ""pressure_unit"": ""hPa""}"
2014-02-17T20:50:00,2.0,81.0,1013.0,"{""timestamp"": ""2014-02-17T20:50:00"", ""temperature"": 2.0, ""humidity"": 81.0, ""pressure"": 1013.0, ""temp_unit"": ""C"", ""humidity_unit"": ""RH%"", ""pressure_unit"": ""hPa""}"
2014-02-17T21:00:00,2.0,78.0,1013.0,"{""timestamp"": ""2014-02-17T21:00:00"", ""temperature"": 2.0, ""humidity"": 78.0, ""pressure"": 1013.0, ""temp_unit"": ""C"", ""humidity_unit"": ""RH%"", ""pressure_unit"": ""hPa""}"
2014-02-17T21:20:00,2.0,81.0,1013.0,"{""timestamp"": ""2014-02-17T21:20:00"", ""temperature"": 2.0, ""humidity"": 81.0, ""pressure"": 1013.0, ""temp_unit"": ""C"", ""humidity_unit"": ""RH%"", ""pressure_unit"": ""hPa""}"
2014-02-17T21:50:00,2.0,87.0,1013.0,"{""timestamp"": ""2014-02-17T21:50:00"", ""temperature"": 2.0, ""humidity"": 87.0, ""pressure"": 1013.0, ""temp_unit"": ""C"", ""humidity_unit"": ""RH%"", ""pressure_unit"": ""hPa""}"
2014-02-17T22:00:00,2.0,83.0,1014.0,"{""timestamp"": ""2014-02-17T22:00:00"", ""temperature"": 2.0, ""humidity"": 83.0, ""pressure"": 1014.0, ""temp_unit"": ""C"", ""humidity_unit"": ""RH%"", ""pressure_unit"": ""hPa""}"
2014-02-17T22:20:00,1.0,93.0,1013.0,"{""timestamp"": ""2014-02-17T22:20:00"", ""temperature"": 1.0, ""humidity"": 93.0, ""pressure"": 1013.0, ""temp_unit"": ""C"", ""humidity_unit"": ""RH%"", ""pressure_unit"": ""hPa""}"
2014-02-17T22:50:00,1.0,87.0,1013.0,"{""timestamp"": ""2014-02-17T22:50:00"", ""temperature"": 1.0, ""humidity"": 87.0, ""pressure"": 1013.0, ""temp_unit"": ""C"", ""humidity_unit"": ""RH%"", ""pressure_unit"": ""hPa""}"
2014-02-17T23:00:00,1.0,82.0,1014.0,"{""timestamp"": ""2014-02-17T23:00:00"", ""temperature"": 1.0, ""humidity"": 82.0, ""pressure"": 1014.0, ""temp_unit"": ""C"", ""humidity_unit"": ""RH%"", ""pressure_unit"": ""hPa""}"
2014-02-17T23:20:00,1.0,87.0,1013.0,"{""timestamp"": ""2014-02-17T23:20:00"", ""temperature"": 1.0, ""humidity"": 87.0, ""pressure"": 1013.0, ""temp_unit"": ""C"", ""humidity_unit"": ""RH%"", ""pressure_unit"": ""hPa""}"
2014-02-17T23:50:00,1.0,93.0,1014.0,"{""timestamp"": ""2014-02-17T23:50:00"", ""temperature"": 1.0, ""humidity"": 93.0, ""pressure"": 1014.0, ""temp_unit"": ""C"", ""humidity_unit"": ""RH%"", ""pressure_unit"": ""hPa""}"
2014-02-18T00:00:00,1.0,85.0,1014.0,"{""timestamp"": ""2014-02-18T00:00:00"", ""temperature"": 1.0, ""humidity"": 85.0, ""pressure"": 1014.0, ""temp_unit"": ""C"", ""humidity_unit"": ""RH%"", ""pressure_unit"": ""hPa""}"
2014-02-18T00:20:00,2.0,87.0,1014.0,"{""timestamp"": ""2014-02-18T00:20:00"", ""temperature"": 2.0, ""humidity"": 87.0, ""pressure"": 1014.0, ""temp_unit"": ""C"", ""humidity_unit"": ""RH%"", ""pressure_unit"": ""hPa""}"
2014-02-18T00:50:00,2.0,93.0,1014.0,"{""timestamp"": ""2014-02-18T00:50:00"", ""temperature"": 2.0, ""humidity"": 93.0, ""pressure"": 1014.0, ""temp_unit"": ""C"", ""humidity_unit"": ""RH%"", ""pressure_unit"": ""hPa""}"
2014-02-18T01:00:00,2.0,87.0,1014.0,"{""timestamp"": ""2014-02-18T01:00:00"", ""temperature"": 2.0, ""humidity"": 87.0, ""pressure"": 1014.0, ""temp_unit"": ""C"", ""humidity_unit"": ""RH%"", ""pressure_unit"": ""hPa""}"
2014-02-18T01:20:00,2.0,93.0,1014.0,"{""timestamp"": ""2014-02-18T01:20:00"", ""temperature"": 2.0, ""humidity"": 93.0, ""pressure"": 1014.0, ""temp_unit"": ""C"", ""humidity_unit"": ""RH%"", ""pressure_unit"": ""hPa""}"
2014-02-18T01:50:00,2.0,87.0,1014.0,"{""timestamp"": ""2014-02-18T01:50:00"", ""temperature"": 2.0, ""humidity"": 87.0, ""pressure"": 1014.0, ""temp_unit"": ""C"", ""humidity_unit"": ""RH%"", ""pressure_unit"": ""hPa""}"
2014-02-18T02:00:00,2.0,87.0,1014.0,"{""timestamp"": ""2014-02-18T02:00:00"", ""temperature"": 2.0, ""humidity"": 87.0, ""pressure"": 1014.0, ""temp_unit"": ""C"", ""humidity_unit"": ""RH%"", ""pressure_unit"": ""hPa""}"
2014-02-18T02:20:00,2.0,93.0,1014.0,"{""timestamp"": ""2014-02-18T02:20:00"", ""temperature"": 2.0, ""humidity"": 93.0, ""pressure"": 1014.0, ""temp_unit"": ""C"", ""humidity_unit"": ""RH%"", ""pressure_unit"": ""hPa""}"
2014-02-18T02:50:00,2.0,93.0,1014.0,"{""timestamp"": ""2014-02-18T02:50:00"", ""temperature"": 2.0, ""humidity"": 93.0, ""pressure"": 1014.0, ""temp_unit"": ""C"", ""humidity_unit"": ""RH%"", ""pressure_unit"": ""hPa""}"
2014-02-18T03:00:00,2.0,88.0,1014.0,"{""timestamp"": ""2014-02-18T03:00:00"", ""temperature"": 2.0, ""humidity"": 88.0, ""pressure"": 1014.0, ""temp_unit"": ""C"", ""humidity_unit"": ""RH%"", ""pressure_unit"": ""hPa""}"
2014-02-18T03:20:00,2.0,93.0,1014.0,"{""timestamp"": ""2014-02-18T03:20:00"", ""temperature"": 2.0, ""humidity"": 93.0, ""pressure"": 1014.0, ""temp_unit"": ""C"", ""humidity_unit"": ""RH%"", ""pressure_unit"": ""hPa""}"
2014-02-18T03:50:00,3.0,87.0,1014.0,"{""timestamp"": ""2014-02-18T03:50:00"", ""temperature"": 3.0, ""humidity"": 87.0, ""pressure"": 1014.0, ""temp_unit"": ""C"", ""humidity_unit"": ""RH%"", ""pressure_unit"": ""hPa""}"
2014-02-18T04:00:00,3.0,88.0,1014.0,"{""timestamp"": ""2014-02-18T04:00:00"", ""temperature"": 3.0, ""humidity"": 88.0, ""pressure"": 1014.0, ""temp_unit"": ""C"", ""humidity_unit"": ""RH%"", ""pressure_unit"": ""hPa""}"
2014-02-18T04:20:00,3.0,93.0,1013.0,"{""timestamp"": ""2014-02-18T04:20:00"", ""temperature"": 3.0, ""humidity"": 93.0, ""pressure"": 1013.0, ""temp_unit"": ""C"", ""humidity_unit"": ""RH%"", ""pressure_unit"": ""hPa""}"
2014-02-18T04:50:00,3.0,93.0,1013.0,"{""timestamp"": ""2014-02-18T04:50:00"", ""temperature"": 3.0, ""humidity"": 93.0, ""pressure"": 1013.0, ""temp_unit"": ""C"", ""humidity_unit"": ""RH%"", ""pressure_unit"": ""hPa""}"
2014-02-18T05:00:00,3.0,87.0,1014.0,"{""timestamp"": ""2014-02-18T05:00:00"", ""temperature"": 3.0, ""humidity"": 87.0, ""pressure"": 1014.0, ""temp_unit"": ""C"", ""humidity_unit"": ""RH%"", ""pressure_unit"": ""hPa""}"
2014-02-18T05:20:00,3.0,93.0,1013.0,"{""timestamp"": ""2014-02-18T05:20:00"", ""temperature"": 3.0, ""humidity"": 93.0, ""pressure"": 1013.0, ""temp_unit"": ""C"", ""humidity_unit"": ""RH%"", ""pressure_unit"": ""hPa""}"
2014-02-18T05:50:00,3.0,93.0,1013.0,"{""timestamp"": ""2014-02-18T05:50:00"", ""temperature"": 3.0, ""humidity"": 93.0, ""pressure"": 1013.0, ""temp_unit"": ""C"", ""humidity_unit"": ""RH%"", ""pressure_unit"": ""hPa""}"
2014-02-18T06:00:00,3.0,89.0,1014.0,"{""timestamp"": ""2014-02-18T06:00:00"", ""temperature"": 3.0, ""humidity"": 89.0, ""pressure"": 1014.0, ""temp_unit"": ""C"", ""humidity_unit"": ""RH%"", ""pressure_unit"": ""hPa""}"
2014-02-18T06:20:00,4.0,87.0,1013.0,"{""timestamp"": ""2014-02-18T06:20:00"", ""temperature"": 4.0, ""humidity"": 87.0, ""pressure"": 1013.0, ""temp_unit"": ""C"", ""humidity_unit"": ""RH%"", ""pressure_unit"": ""hPa""}"
2014-02-18T06:50:00,4.0,93.0,1013.0,"{""timestamp"": ""2014-02-18T06:50:00"", ""temperature"": 4.0, ""humidity"": 93.0, ""pressure"": 1013.0, ""temp_unit"": ""C"", ""humidity_unit"": ""RH%"", ""pressure_unit"": ""hPa""}"
2014-02-18T07:00:00,4.0,90.0,1013.0,"{""timestamp"": ""2014-02-18T07:00:00"", ""temperature"": 4.0, ""humidity"": 90.0, ""pressure"": 1013.0, ""temp_unit"": ""C"", ""humidity_unit"": ""RH%"", ""pressure_unit"": ""hPa""}"
2014-02-18T07:20:00,4.0,93.0,1012.0,"{""timestamp"": ""2014-02-18T07:20:00"", ""temperature"": 4.0, ""humidity"": 93.0, ""pressure"": 1012.0, ""temp_unit"": ""C"", ""humidity_unit"": ""RH%"", ""pressure_unit"": ""hPa""}"
2014-02-18T07:50:00,4.0,93.0,1012.0,"{""timestamp"": ""2014-02-18T07:50:00"", ""temperature"": 4.0, ""humidity"": 93.0, ""pressure"": 1012.0, ""temp_unit"": ""C"", ""humidity_unit"": ""RH%"", ""pressure_unit"": ""hPa""}"
2014-02-18T08:00:00,4.0,90.0,1013.0,"{""timestamp"": ""2014-02-18T08:00:00"", ""temperature"": 4.0, ""humidity"": 90.0, ""pressure"": 1013.0, ""temp_unit"": ""C"", ""humidity_unit"": ""RH%"", ""pressure_unit"": ""hPa""}"
2014-02-18T08:20:00,4.0,100.0,1012.0,"{""timestamp"": ""2014-02-18T08:20:00"", ""temperature"": 4.0, ""humidity"": 100.0, ""pressure"": 1012.0, ""temp_unit"": ""C"", ""humidity_unit"": ""RH%"", ""pressure_unit"": ""hPa""}"
2014-02-18T08:50:00,5.0,93.0,1012.0,"{""timestamp"": ""2014-02-18T08:50:00"", ""temperature"": 5.0, ""humidity"": 93.0, ""pressure"": 1012.0, ""temp_unit"": ""C"", ""humidity_unit"": ""RH%"", ""pressure_unit"": ""hPa""}"
2014-02-18T09:00:00,5.0,93.0,1013.0,"{""timestamp"": ""2014-02-18T09:00:00"", ""temperature"": 5.0, ""humidity"": 93.0, ""pressure"": 1013.0, ""temp_unit"": ""C"", ""humidity_unit"": ""RH%"", ""pressure_unit"": ""hPa""}"
2014-02-18T09:20:00,5.0,93.0,1012.0,"{""timestamp"": ""2014-02-18T09:20:00"", ""temperature"": 5.0, ""humidity"": 93.0, ""pressure"": 1012.0, ""temp_unit"": ""C"", ""humidity_unit"": ""RH%"", ""pressure_unit"": ""hPa""}"
2014-02-18T09:50:00,5.0,93.0,1012.0,"{""timestamp"": ""2014-02-18T09:50:00"", ""temperature"": 5.0, ""humidity"": 93.0, ""pressure"": 1012.0, ""temp_unit"": ""C"", ""humidity_unit"": ""RH%"", ""pressure_unit"": ""hPa""}"
